INSERT INTO pt_master (mrn, pt_name_last, pt_name_first, pt_name_middle, pt_dob, pt_sex, pt_last_alive_date, pt_followed_at, pt_death_date, pt_death, pt_death_cod, pt_death_cod_notes, pt_death_notes, pt_tx_received, pt_tx_received_date, pt_notes) VALUES ('P0001', 'onto', 'offer', 'travel', '2001-03-23', 'explain', '1972-07-01', '1988-12-30', '2016-08-07', 0, 'type', 'college', 'no', 1, '1996-05-15', 'card');
INSERT INTO pt_master (mrn, pt_name_last, pt_name_first, pt_name_middle, pt_dob, pt_sex, pt_last_alive_date, pt_followed_at, pt_death_date, pt_death, pt_death_cod, pt_death_cod_notes, pt_death_notes, pt_tx_received, pt_tx_received_date, pt_notes) VALUES ('P0002', 'mind', 'time', 'collection', '1991-05-10', 'near', '1984-03-26', '1990-11-04', '1997-03-02', 0, 'quickly', 'understand', 'yet', 0, '1992-12-20', 'cell');
INSERT INTO pt_master (mrn, pt_name_last, pt_name_first, pt_name_middle, pt_dob, pt_sex, pt_last_alive_date, pt_followed_at, pt_death_date, pt_death, pt_death_cod, pt_death_cod_notes, pt_death_notes, pt_tx_received, pt_tx_received_date, pt_notes) VALUES ('P0003', 'involve', 'listen', 'style', '1999-09-22', 'wind', '2004-08-17', '2018-03-01', '2020-03-11', 0, 'travel', 'like', 'his', 0, '2020-02-26', 'lot');
INSERT INTO pt_master (mrn, pt_name_last, pt_name_first, pt_name_middle, pt_dob, pt_sex, pt_last_alive_date, pt_followed_at, pt_death_date, pt_death, pt_death_cod, pt_death_cod_notes, pt_death_notes, pt_tx_received, pt_tx_received_date, pt_notes) VALUES ('P0004', 'car', 'again', 'thought', '2007-04-28', 'miss', '1978-04-12', '2014-07-08', '2020-06-27', 1, 'wind', 'officer', 'language', 1, '2016-01-22', 'bed');
INSERT INTO pt_master (mrn, pt_name_last, pt_name_first, pt_name_middle, pt_dob, pt_sex, pt_last_alive_date, pt_followed_at, pt_death_date, pt_death, pt_death_cod, pt_death_cod_notes, pt_death_notes, pt_tx_received, pt_tx_received_date, pt_notes) VALUES ('P0005', 'per', 'central', 'imagine', '1985-09-25', 'identify', '1979-07-01', '2015-09-07', '1989-12-31', 1, 'four', 'exist', 'middle', 1, '1996-03-15', 'college');
INSERT INTO pt_master (mrn, pt_name_last, pt_name_first, pt_name_middle, pt_dob, pt_sex, pt_last_alive_date, pt_followed_at, pt_death_date, pt_death, pt_death_cod, pt_death_cod_notes, pt_death_notes, pt_tx_received, pt_tx_received_date, pt_notes) VALUES ('P0006', 'reason', 'report', 'grow', '2007-08-22', 'to', '2017-07-20', '1977-02-25', '1986-08-04', 1, 'bit', 'treatment', 'practice', 0, '2016-11-06', 'kitchen');
INSERT INTO pt_master (mrn, pt_name_last, pt_name_first, pt_name_middle, pt_dob, pt_sex, pt_last_alive_date, pt_followed_at, pt_death_date, pt_death, pt_death_cod, pt_death_cod_notes, pt_death_notes, pt_tx_received, pt_tx_received_date, pt_notes) VALUES ('P0007', 'drop', 'school', 'film', '1981-01-09', 'force', '1999-11-13', '1997-03-22', '1995-03-24', 0, 'simple', 'staff', 'idea', 1, '2017-10-07', 'simple');
INSERT INTO pt_master (mrn, pt_name_last, pt_name_first, pt_name_middle, pt_dob, pt_sex, pt_last_alive_date, pt_followed_at, pt_death_date, pt_death, pt_death_cod, pt_death_cod_notes, pt_death_notes, pt_tx_received, pt_tx_received_date, pt_notes) VALUES ('P0008', 'truth', 'look', 'animal', '2007-06-30', 'wonder', '1979-09-25', '2006-07-31', '1992-05-22', 0, 'seek', 'occur', 'season', 1, '1987-04-14', 'team');
INSERT INTO pt_master (mrn, pt_name_last, pt_name_first, pt_name_middle, pt_dob, pt_sex, pt_last_alive_date, pt_followed_at, pt_death_date, pt_death, pt_death_cod, pt_death_cod_notes, pt_death_notes, pt_tx_received, pt_tx_received_date, pt_notes) VALUES ('P0009', 'why', 'tell', 'exactly', '2013-11-22', 'piece', '1986-12-20', '1975-07-28', '1999-08-17', 1, 'total', 'first', 'investment', 0, '1989-06-09', 'day');
INSERT INTO pt_master (mrn, pt_name_last, pt_name_first, pt_name_middle, pt_dob, pt_sex, pt_last_alive_date, pt_followed_at, pt_death_date, pt_death, pt_death_cod, pt_death_cod_notes, pt_death_notes, pt_tx_received, pt_tx_received_date, pt_notes) VALUES ('P0010', 'record', 'evening', 'strong', '2022-12-23', 'game', '1992-06-14', '2008-04-11', '1988-04-07', 0, 'economic', 'office', 'statement', 0, '1982-09-11', 'raise');
INSERT INTO pt_hx (mrn, dx_cardiac, dx_cardiac_notes, dx_date_recorded, dx_genetic___cornelia_de_lange_syndrome, dx_genetic___digeorge, dx_genetic___ellis_van_creveld_syndrome, dx_genetic___goldenhar_syndrome, dx_genetic___holt_oram_syndrome, dx_genetic___jacobsen_syndrome, dx_genetic___kabuki_syndrome, dx_genetic___kartagener_syndrome, dx_genetic___none, dx_genetic___noonan_syndrome, dx_genetic___other, dx_genetic___rubinstein_taybi_syndrome, dx_genetic___smith_lemli_opitz_syndrome, dx_genetic___suspected_genetic_diagnosis_or_syndrome, dx_genetic___trisomy_21, dx_genetic___turner_syndrome, dx_genetic___vacterl_syndrome_vacter_vater_vaterr_vacterl_h_syndrome, dx_genetic___wollf_hirschhorn_syndrome, dx_genetic_notes, dx_htx, dx_ivc, dx_vent_morph, proc_apc, proc_apc_date, proc_arch, proc_arch_date, proc_arch_type, proc_arch_type_notes, proc_avv, proc_avv_date, proc_avv_type, proc_avv_type_notes, proc_branchpa, proc_branchpa_date, proc_branchpa_type, proc_branchpa_type_notes, proc_fontan_path, proc_fontan_path_date, proc_fontan_path_type, proc_fontan_path_notes, proc_pab, proc_pab_date, proc_pulm_vein_type, proc_pulm_vein_type_notes, proc_pulm_vein, proc_pulm_vein_date, proc_shunt, proc_shunt_date, proc_shunt_type, proc_shunt_type_notes, proc_slv, proc_slv_date, proc_slv_type, proc_slv_type_notes, proc_stansel, proc_stansel_date, proc_svc, proc_svc_date, proc_svc_type, proc_svc_type_notes, proc_vvc, proc_vvc_date, surg_cardiac_total, surg_fontan_date, surg_fontan_fen, surg_fontan_rev, surg_fontan_rev_date, surg_fontan_rev_fen, surg_fontan_rev_notes, surg_fontan_rev_type, surg_fontan_type, surg_fontan_type_notes, surg_neo, surg_neo_date, surg_neo_shunt, surg_neo_shunt_notes, surg_neo_type, surg_neo_type_notes, surg_prefontan_oth_date, surg_prefontan_oth_notes, surg_prefontan_other, surg_proc_hx_notes, surg_stage2, surg_stage2_date, surg_stage2_type, surg_stage2_type_notes, surg_count_pump_on, surg_count_pump_off, surg_count_post_fontan, cath_count_at_bch, cath_count_post_fontan, dx_cardiac_anatomy_notes, surg_biv_convert_date, surg_biv_notes) VALUES ('P0001', 'Unknown', 'Unknown', '1978-10-31', 1, 1, 0, 1, 0, 1, 0, 0, 0, 0, 1, 0, 0, 0, 1, 1, 0, 0, 'Unknown', 0, 0, 'Unknown', 0, '1989-12-16', 1, '1988-12-01', 'Unknown', 'Unknown', 1, '2014-06-24', 'Unknown', 'Unknown', 0, '1973-02-03', 'Unknown', 'Unknown', 1, '2008-01-24', 'Unknown', 'Unknown', 1, '1983-01-21', 'Unknown', 'Unknown', 1, '2017-05-31', 0, '1986-09-16', 'mention', 'expert', 0, '2020-07-31', 'scene', 'however', 0, '1996-07-11', 1, '2017-09-10', 'anyone', 'stock', 1, '1976-10-20', 66, '1993-03-17', 0, 1, '1970-07-11', 0, 'similar', 'design', 'take', 'then', 0, '2015-06-30', 1, 'glass', 'eye', 'back', '2013-11-21', 'impact', 0, 'mouth', 1, '1993-11-12', 'office', 'thus', 87, 47, 86, 27, 89, 'American', '2000-10-16', 'worker');
INSERT INTO pt_hx (mrn, dx_cardiac, dx_cardiac_notes, dx_date_recorded, dx_genetic___cornelia_de_lange_syndrome, dx_genetic___digeorge, dx_genetic___ellis_van_creveld_syndrome, dx_genetic___goldenhar_syndrome, dx_genetic___holt_oram_syndrome, dx_genetic___jacobsen_syndrome, dx_genetic___kabuki_syndrome, dx_genetic___kartagener_syndrome, dx_genetic___none, dx_genetic___noonan_syndrome, dx_genetic___other, dx_genetic___rubinstein_taybi_syndrome, dx_genetic___smith_lemli_opitz_syndrome, dx_genetic___suspected_genetic_diagnosis_or_syndrome, dx_genetic___trisomy_21, dx_genetic___turner_syndrome, dx_genetic___vacterl_syndrome_vacter_vater_vaterr_vacterl_h_syndrome, dx_genetic___wollf_hirschhorn_syndrome, dx_genetic_notes, dx_htx, dx_ivc, dx_vent_morph, proc_apc, proc_apc_date, proc_arch, proc_arch_date, proc_arch_type, proc_arch_type_notes, proc_avv, proc_avv_date, proc_avv_type, proc_avv_type_notes, proc_branchpa, proc_branchpa_date, proc_branchpa_type, proc_branchpa_type_notes, proc_fontan_path, proc_fontan_path_date, proc_fontan_path_type, proc_fontan_path_notes, proc_pab, proc_pab_date, proc_pulm_vein_type, proc_pulm_vein_type_notes, proc_pulm_vein, proc_pulm_vein_date, proc_shunt, proc_shunt_date, proc_shunt_type, proc_shunt_type_notes, proc_slv, proc_slv_date, proc_slv_type, proc_slv_type_notes, proc_stansel, proc_stansel_date, proc_svc, proc_svc_date, proc_svc_type, proc_svc_type_notes, proc_vvc, proc_vvc_date, surg_cardiac_total, surg_fontan_date, surg_fontan_fen, surg_fontan_rev, surg_fontan_rev_date, surg_fontan_rev_fen, surg_fontan_rev_notes, surg_fontan_rev_type, surg_fontan_type, surg_fontan_type_notes, surg_neo, surg_neo_date, surg_neo_shunt, surg_neo_shunt_notes, surg_neo_type, surg_neo_type_notes, surg_prefontan_oth_date, surg_prefontan_oth_notes, surg_prefontan_other, surg_proc_hx_notes, surg_stage2, surg_stage2_date, surg_stage2_type, surg_stage2_type_notes, surg_count_pump_on, surg_count_pump_off, surg_count_post_fontan, cath_count_at_bch, cath_count_post_fontan, dx_cardiac_anatomy_notes, surg_biv_convert_date, surg_biv_notes) VALUES ('P0002', 'Unknown', 'Unknown', '2008-02-29', 0, 1, 1, 0, 0, 0, 1, 1, 1, 1, 0, 0, 1, 0, 0, 1, 1, 0, 'Unknown', 1, 1, 'Unknown', 0, '2002-09-13', 1, '1975-05-18', 'Unknown', 'Unknown', 0, '1990-01-11', 'Unknown', 'Unknown', 1, '1986-03-16', 'Unknown', 'Unknown', 1, '1984-08-01', 'Unknown', 'Unknown', 0, '1977-10-18', 'Unknown', 'Unknown', 1, '2011-06-13', 1, '1988-06-03', 'think', 'PM', 0, '2009-09-09', 'there', 'through', 0, '2021-11-04', 0, '1992-01-04', 'fly', 'into', 1, '1986-02-23', 65, '2003-02-07', 1, 0, '1991-09-26', 1, 'arrive', 'ago', 'will', 'participant', 1, '1982-09-06', 1, 'middle', 'job', 'old', '2002-09-23', 'thought', 1, 'staff', 1, '1982-11-04', 'federal', 'catch', 45, 79, 6, 24, 24, 'just', '2022-01-07', 'end');
INSERT INTO pt_hx (mrn, dx_cardiac, dx_cardiac_notes, dx_date_recorded, dx_genetic___cornelia_de_lange_syndrome, dx_genetic___digeorge, dx_genetic___ellis_van_creveld_syndrome, dx_genetic___goldenhar_syndrome, dx_genetic___holt_oram_syndrome, dx_genetic___jacobsen_syndrome, dx_genetic___kabuki_syndrome, dx_genetic___kartagener_syndrome, dx_genetic___none, dx_genetic___noonan_syndrome, dx_genetic___other, dx_genetic___rubinstein_taybi_syndrome, dx_genetic___smith_lemli_opitz_syndrome, dx_genetic___suspected_genetic_diagnosis_or_syndrome, dx_genetic___trisomy_21, dx_genetic___turner_syndrome, dx_genetic___vacterl_syndrome_vacter_vater_vaterr_vacterl_h_syndrome, dx_genetic___wollf_hirschhorn_syndrome, dx_genetic_notes, dx_htx, dx_ivc, dx_vent_morph, proc_apc, proc_apc_date, proc_arch, proc_arch_date, proc_arch_type, proc_arch_type_notes, proc_avv, proc_avv_date, proc_avv_type, proc_avv_type_notes, proc_branchpa, proc_branchpa_date, proc_branchpa_type, proc_branchpa_type_notes, proc_fontan_path, proc_fontan_path_date, proc_fontan_path_type, proc_fontan_path_notes, proc_pab, proc_pab_date, proc_pulm_vein_type, proc_pulm_vein_type_notes, proc_pulm_vein, proc_pulm_vein_date, proc_shunt, proc_shunt_date, proc_shunt_type, proc_shunt_type_notes, proc_slv, proc_slv_date, proc_slv_type, proc_slv_type_notes, proc_stansel, proc_stansel_date, proc_svc, proc_svc_date, proc_svc_type, proc_svc_type_notes, proc_vvc, proc_vvc_date, surg_cardiac_total, surg_fontan_date, surg_fontan_fen, surg_fontan_rev, surg_fontan_rev_date, surg_fontan_rev_fen, surg_fontan_rev_notes, surg_fontan_rev_type, surg_fontan_type, surg_fontan_type_notes, surg_neo, surg_neo_date, surg_neo_shunt, surg_neo_shunt_notes, surg_neo_type, surg_neo_type_notes, surg_prefontan_oth_date, surg_prefontan_oth_notes, surg_prefontan_other, surg_proc_hx_notes, surg_stage2, surg_stage2_date, surg_stage2_type, surg_stage2_type_notes, surg_count_pump_on, surg_count_pump_off, surg_count_post_fontan, cath_count_at_bch, cath_count_post_fontan, dx_cardiac_anatomy_notes, surg_biv_convert_date, surg_biv_notes) VALUES ('P0003', 'Unknown', 'Unknown', '2020-03-16', 0, 0, 0, 0, 1, 1, 1, 0, 0, 0, 1, 0, 0, 0, 1, 0, 0, 0, 'Unknown', 1, 0, 'Unknown', 0, '2013-04-24', 1, '1980-01-31', 'Unknown', 'Unknown', 1, '1979-09-28', 'Unknown', 'Unknown', 1, '1987-11-06', 'Unknown', 'Unknown', 0, '2019-07-03', 'Unknown', 'Unknown', 1, '2006-02-27', 'Unknown', 'Unknown', 0, '1992-11-06', 0, '1988-09-06', 'fund', 'candidate', 0, '1979-06-02', 'organization', 'agency', 1, '1978-08-20', 0, '2001-09-28', 'bill', 'whether', 1, '1973-09-24', 35, '1998-10-21', 0, 0, '2015-10-22', 1, 'really', 'need', 'effect', 'PM', 0, '1981-04-21', 1, 'bed', 'blue', 'change', '1972-10-19', 'keep', 1, 'message', 0, '2009-11-16', 'best', 'minute', 90, 1, 22, 90, 38, 'small', '1977-09-06', 'agree');
INSERT INTO pt_hx (mrn, dx_cardiac, dx_cardiac_notes, dx_date_recorded, dx_genetic___cornelia_de_lange_syndrome, dx_genetic___digeorge, dx_genetic___ellis_van_creveld_syndrome, dx_genetic___goldenhar_syndrome, dx_genetic___holt_oram_syndrome, dx_genetic___jacobsen_syndrome, dx_genetic___kabuki_syndrome, dx_genetic___kartagener_syndrome, dx_genetic___none, dx_genetic___noonan_syndrome, dx_genetic___other, dx_genetic___rubinstein_taybi_syndrome, dx_genetic___smith_lemli_opitz_syndrome, dx_genetic___suspected_genetic_diagnosis_or_syndrome, dx_genetic___trisomy_21, dx_genetic___turner_syndrome, dx_genetic___vacterl_syndrome_vacter_vater_vaterr_vacterl_h_syndrome, dx_genetic___wollf_hirschhorn_syndrome, dx_genetic_notes, dx_htx, dx_ivc, dx_vent_morph, proc_apc, proc_apc_date, proc_arch, proc_arch_date, proc_arch_type, proc_arch_type_notes, proc_avv, proc_avv_date, proc_avv_type, proc_avv_type_notes, proc_branchpa, proc_branchpa_date, proc_branchpa_type, proc_branchpa_type_notes, proc_fontan_path, proc_fontan_path_date, proc_fontan_path_type, proc_fontan_path_notes, proc_pab, proc_pab_date, proc_pulm_vein_type, proc_pulm_vein_type_notes, proc_pulm_vein, proc_pulm_vein_date, proc_shunt, proc_shunt_date, proc_shunt_type, proc_shunt_type_notes, proc_slv, proc_slv_date, proc_slv_type, proc_slv_type_notes, proc_stansel, proc_stansel_date, proc_svc, proc_svc_date, proc_svc_type, proc_svc_type_notes, proc_vvc, proc_vvc_date, surg_cardiac_total, surg_fontan_date, surg_fontan_fen, surg_fontan_rev, surg_fontan_rev_date, surg_fontan_rev_fen, surg_fontan_rev_notes, surg_fontan_rev_type, surg_fontan_type, surg_fontan_type_notes, surg_neo, surg_neo_date, surg_neo_shunt, surg_neo_shunt_notes, surg_neo_type, surg_neo_type_notes, surg_prefontan_oth_date, surg_prefontan_oth_notes, surg_prefontan_other, surg_proc_hx_notes, surg_stage2, surg_stage2_date, surg_stage2_type, surg_stage2_type_notes, surg_count_pump_on, surg_count_pump_off, surg_count_post_fontan, cath_count_at_bch, cath_count_post_fontan, dx_cardiac_anatomy_notes, surg_biv_convert_date, surg_biv_notes) VALUES ('P0004', 'Unknown', 'Unknown', '1987-03-01', 1, 1, 0, 0, 1, 0, 0, 1, 0, 1, 0, 0, 0, 1, 1, 1, 0, 0, 'Unknown', 1, 0, 'Unknown', 1, '2014-12-28', 0, '2007-03-01', 'Unknown', 'Unknown', 0, '2023-06-08', 'Unknown', 'Unknown', 0, '1999-06-12', 'Unknown', 'Unknown', 1, '1996-07-06', 'Unknown', 'Unknown', 1, '1973-02-07', 'Unknown', 'Unknown', 0, '1985-03-09', 1, '1970-03-13', 'recent', 'election', 1, '2016-03-17', 'at', 'only', 0, '1988-09-02', 0, '1999-07-10', 'hard', 'environmental', 1, '2003-11-10', 99, '1988-10-18', 0, 1, '1988-07-03', 1, 'could', 'generation', 'on', 'member', 0, '1984-10-25', 1, 'medical', 'join', 'manager', '2019-03-08', 'world', 0, 'notice', 0, '1986-04-09', 'cultural', 'seem', 55, 69, 44, 51, 14, 'break', '1985-11-06', 'mean');
INSERT INTO pt_hx (mrn, dx_cardiac, dx_cardiac_notes, dx_date_recorded, dx_genetic___cornelia_de_lange_syndrome, dx_genetic___digeorge, dx_genetic___ellis_van_creveld_syndrome, dx_genetic___goldenhar_syndrome, dx_genetic___holt_oram_syndrome, dx_genetic___jacobsen_syndrome, dx_genetic___kabuki_syndrome, dx_genetic___kartagener_syndrome, dx_genetic___none, dx_genetic___noonan_syndrome, dx_genetic___other, dx_genetic___rubinstein_taybi_syndrome, dx_genetic___smith_lemli_opitz_syndrome, dx_genetic___suspected_genetic_diagnosis_or_syndrome, dx_genetic___trisomy_21, dx_genetic___turner_syndrome, dx_genetic___vacterl_syndrome_vacter_vater_vaterr_vacterl_h_syndrome, dx_genetic___wollf_hirschhorn_syndrome, dx_genetic_notes, dx_htx, dx_ivc, dx_vent_morph, proc_apc, proc_apc_date, proc_arch, proc_arch_date, proc_arch_type, proc_arch_type_notes, proc_avv, proc_avv_date, proc_avv_type, proc_avv_type_notes, proc_branchpa, proc_branchpa_date, proc_branchpa_type, proc_branchpa_type_notes, proc_fontan_path, proc_fontan_path_date, proc_fontan_path_type, proc_fontan_path_notes, proc_pab, proc_pab_date, proc_pulm_vein_type, proc_pulm_vein_type_notes, proc_pulm_vein, proc_pulm_vein_date, proc_shunt, proc_shunt_date, proc_shunt_type, proc_shunt_type_notes, proc_slv, proc_slv_date, proc_slv_type, proc_slv_type_notes, proc_stansel, proc_stansel_date, proc_svc, proc_svc_date, proc_svc_type, proc_svc_type_notes, proc_vvc, proc_vvc_date, surg_cardiac_total, surg_fontan_date, surg_fontan_fen, surg_fontan_rev, surg_fontan_rev_date, surg_fontan_rev_fen, surg_fontan_rev_notes, surg_fontan_rev_type, surg_fontan_type, surg_fontan_type_notes, surg_neo, surg_neo_date, surg_neo_shunt, surg_neo_shunt_notes, surg_neo_type, surg_neo_type_notes, surg_prefontan_oth_date, surg_prefontan_oth_notes, surg_prefontan_other, surg_proc_hx_notes, surg_stage2, surg_stage2_date, surg_stage2_type, surg_stage2_type_notes, surg_count_pump_on, surg_count_pump_off, surg_count_post_fontan, cath_count_at_bch, cath_count_post_fontan, dx_cardiac_anatomy_notes, surg_biv_convert_date, surg_biv_notes) VALUES ('P0005', 'Unknown', 'Unknown', '2012-04-11', 1, 1, 1, 1, 0, 0, 1, 0, 1, 0, 0, 0, 0, 1, 1, 0, 0, 0, 'Unknown', 1, 1, 'Unknown', 0, '1979-12-27', 0, '1993-11-20', 'Unknown', 'Unknown', 0, '1990-03-31', 'Unknown', 'Unknown', 0, '1979-08-02', 'Unknown', 'Unknown', 1, '1996-04-20', 'Unknown', 'Unknown', 1, '1975-06-06', 'Unknown', 'Unknown', 0, '1989-03-31', 0, '1995-08-08', 'nothing', 'foot', 1, '2017-08-15', 'main', 'similar', 1, '2016-08-19', 0, '2017-02-02', 'decide', 'west', 1, '1982-03-02', 67, '2017-08-17', 0, 0, '1976-06-02', 0, 'tonight', 'life', 'place', 'foot', 0, '1981-09-29', 1, 'baby', 'product', 'voice', '1985-12-19', 'else', 1, 'different', 1, '1996-03-10', 'ten', 'set', 17, 50, 68, 55, 1, 'crime', '2002-07-03', 'black');
INSERT INTO pt_hx (mrn, dx_cardiac, dx_cardiac_notes, dx_date_recorded, dx_genetic___cornelia_de_lange_syndrome, dx_genetic___digeorge, dx_genetic___ellis_van_creveld_syndrome, dx_genetic___goldenhar_syndrome, dx_genetic___holt_oram_syndrome, dx_genetic___jacobsen_syndrome, dx_genetic___kabuki_syndrome, dx_genetic___kartagener_syndrome, dx_genetic___none, dx_genetic___noonan_syndrome, dx_genetic___other, dx_genetic___rubinstein_taybi_syndrome, dx_genetic___smith_lemli_opitz_syndrome, dx_genetic___suspected_genetic_diagnosis_or_syndrome, dx_genetic___trisomy_21, dx_genetic___turner_syndrome, dx_genetic___vacterl_syndrome_vacter_vater_vaterr_vacterl_h_syndrome, dx_genetic___wollf_hirschhorn_syndrome, dx_genetic_notes, dx_htx, dx_ivc, dx_vent_morph, proc_apc, proc_apc_date, proc_arch, proc_arch_date, proc_arch_type, proc_arch_type_notes, proc_avv, proc_avv_date, proc_avv_type, proc_avv_type_notes, proc_branchpa, proc_branchpa_date, proc_branchpa_type, proc_branchpa_type_notes, proc_fontan_path, proc_fontan_path_date, proc_fontan_path_type, proc_fontan_path_notes, proc_pab, proc_pab_date, proc_pulm_vein_type, proc_pulm_vein_type_notes, proc_pulm_vein, proc_pulm_vein_date, proc_shunt, proc_shunt_date, proc_shunt_type, proc_shunt_type_notes, proc_slv, proc_slv_date, proc_slv_type, proc_slv_type_notes, proc_stansel, proc_stansel_date, proc_svc, proc_svc_date, proc_svc_type, proc_svc_type_notes, proc_vvc, proc_vvc_date, surg_cardiac_total, surg_fontan_date, surg_fontan_fen, surg_fontan_rev, surg_fontan_rev_date, surg_fontan_rev_fen, surg_fontan_rev_notes, surg_fontan_rev_type, surg_fontan_type, surg_fontan_type_notes, surg_neo, surg_neo_date, surg_neo_shunt, surg_neo_shunt_notes, surg_neo_type, surg_neo_type_notes, surg_prefontan_oth_date, surg_prefontan_oth_notes, surg_prefontan_other, surg_proc_hx_notes, surg_stage2, surg_stage2_date, surg_stage2_type, surg_stage2_type_notes, surg_count_pump_on, surg_count_pump_off, surg_count_post_fontan, cath_count_at_bch, cath_count_post_fontan, dx_cardiac_anatomy_notes, surg_biv_convert_date, surg_biv_notes) VALUES ('P0006', 'Unknown', 'Unknown', '1970-02-18', 1, 1, 1, 1, 1, 1, 0, 1, 1, 1, 0, 0, 0, 1, 0, 1, 1, 1, 'Unknown', 1, 1, 'Unknown', 0, '1988-02-23', 1, '2012-01-19', 'Unknown', 'Unknown', 1, '2007-06-08', 'Unknown', 'Unknown', 1, '2009-02-23', 'Unknown', 'Unknown', 1, '2018-07-22', 'Unknown', 'Unknown', 0, '2011-12-21', 'Unknown', 'Unknown', 1, '2005-09-15', 1, '2020-04-30', 'push', 'role', 1, '1985-12-11', 'simply', 'history', 0, '2006-11-26', 1, '2015-09-28', 'summer', 'their', 1, '2015-02-15', 74, '1993-09-15', 0, 0, '2004-09-07', 1, 'that', 'at', 'guess', 'local', 1, '1973-03-23', 1, 'manager', 'four', 'lay', '1978-03-25', 'particular', 1, 'well', 1, '2022-05-16', 'surface', 'sea', 74, 61, 88, 87, 13, 'political', '2002-07-12', 'oil');
INSERT INTO pt_hx (mrn, dx_cardiac, dx_cardiac_notes, dx_date_recorded, dx_genetic___cornelia_de_lange_syndrome, dx_genetic___digeorge, dx_genetic___ellis_van_creveld_syndrome, dx_genetic___goldenhar_syndrome, dx_genetic___holt_oram_syndrome, dx_genetic___jacobsen_syndrome, dx_genetic___kabuki_syndrome, dx_genetic___kartagener_syndrome, dx_genetic___none, dx_genetic___noonan_syndrome, dx_genetic___other, dx_genetic___rubinstein_taybi_syndrome, dx_genetic___smith_lemli_opitz_syndrome, dx_genetic___suspected_genetic_diagnosis_or_syndrome, dx_genetic___trisomy_21, dx_genetic___turner_syndrome, dx_genetic___vacterl_syndrome_vacter_vater_vaterr_vacterl_h_syndrome, dx_genetic___wollf_hirschhorn_syndrome, dx_genetic_notes, dx_htx, dx_ivc, dx_vent_morph, proc_apc, proc_apc_date, proc_arch, proc_arch_date, proc_arch_type, proc_arch_type_notes, proc_avv, proc_avv_date, proc_avv_type, proc_avv_type_notes, proc_branchpa, proc_branchpa_date, proc_branchpa_type, proc_branchpa_type_notes, proc_fontan_path, proc_fontan_path_date, proc_fontan_path_type, proc_fontan_path_notes, proc_pab, proc_pab_date, proc_pulm_vein_type, proc_pulm_vein_type_notes, proc_pulm_vein, proc_pulm_vein_date, proc_shunt, proc_shunt_date, proc_shunt_type, proc_shunt_type_notes, proc_slv, proc_slv_date, proc_slv_type, proc_slv_type_notes, proc_stansel, proc_stansel_date, proc_svc, proc_svc_date, proc_svc_type, proc_svc_type_notes, proc_vvc, proc_vvc_date, surg_cardiac_total, surg_fontan_date, surg_fontan_fen, surg_fontan_rev, surg_fontan_rev_date, surg_fontan_rev_fen, surg_fontan_rev_notes, surg_fontan_rev_type, surg_fontan_type, surg_fontan_type_notes, surg_neo, surg_neo_date, surg_neo_shunt, surg_neo_shunt_notes, surg_neo_type, surg_neo_type_notes, surg_prefontan_oth_date, surg_prefontan_oth_notes, surg_prefontan_other, surg_proc_hx_notes, surg_stage2, surg_stage2_date, surg_stage2_type, surg_stage2_type_notes, surg_count_pump_on, surg_count_pump_off, surg_count_post_fontan, cath_count_at_bch, cath_count_post_fontan, dx_cardiac_anatomy_notes, surg_biv_convert_date, surg_biv_notes) VALUES ('P0007', 'Unknown', 'Unknown', '1990-08-19', 1, 1, 1, 1, 1, 1, 1, 1, 1, 0, 0, 1, 0, 1, 1, 0, 1, 0, 'Unknown', 1, 1, 'Unknown', 0, '1986-11-27', 1, '1971-03-06', 'Unknown', 'Unknown', 1, '1979-11-05', 'Unknown', 'Unknown', 1, '2017-08-08', 'Unknown', 'Unknown', 1, '2002-11-20', 'Unknown', 'Unknown', 1, '2014-10-03', 'Unknown', 'Unknown', 0, '2009-09-09', 0, '2011-03-13', 'stay', 'candidate', 0, '1995-06-04', 'point', 'and', 1, '2019-09-29', 0, '1992-12-30', 'great', 'information', 1, '1993-03-23', 35, '1989-07-03', 1, 0, '2022-10-21', 1, 'eye', 'three', 'about', 'police', 1, '2015-01-16', 1, 'increase', 'prove', 'capital', '2004-08-11', 'home', 0, 'involve', 1, '2000-03-12', 'small', 'character', 77, 59, 71, 66, 82, 'minute', '1997-04-14', 'structure');
INSERT INTO pt_hx (mrn, dx_cardiac, dx_cardiac_notes, dx_date_recorded, dx_genetic___cornelia_de_lange_syndrome, dx_genetic___digeorge, dx_genetic___ellis_van_creveld_syndrome, dx_genetic___goldenhar_syndrome, dx_genetic___holt_oram_syndrome, dx_genetic___jacobsen_syndrome, dx_genetic___kabuki_syndrome, dx_genetic___kartagener_syndrome, dx_genetic___none, dx_genetic___noonan_syndrome, dx_genetic___other, dx_genetic___rubinstein_taybi_syndrome, dx_genetic___smith_lemli_opitz_syndrome, dx_genetic___suspected_genetic_diagnosis_or_syndrome, dx_genetic___trisomy_21, dx_genetic___turner_syndrome, dx_genetic___vacterl_syndrome_vacter_vater_vaterr_vacterl_h_syndrome, dx_genetic___wollf_hirschhorn_syndrome, dx_genetic_notes, dx_htx, dx_ivc, dx_vent_morph, proc_apc, proc_apc_date, proc_arch, proc_arch_date, proc_arch_type, proc_arch_type_notes, proc_avv, proc_avv_date, proc_avv_type, proc_avv_type_notes, proc_branchpa, proc_branchpa_date, proc_branchpa_type, proc_branchpa_type_notes, proc_fontan_path, proc_fontan_path_date, proc_fontan_path_type, proc_fontan_path_notes, proc_pab, proc_pab_date, proc_pulm_vein_type, proc_pulm_vein_type_notes, proc_pulm_vein, proc_pulm_vein_date, proc_shunt, proc_shunt_date, proc_shunt_type, proc_shunt_type_notes, proc_slv, proc_slv_date, proc_slv_type, proc_slv_type_notes, proc_stansel, proc_stansel_date, proc_svc, proc_svc_date, proc_svc_type, proc_svc_type_notes, proc_vvc, proc_vvc_date, surg_cardiac_total, surg_fontan_date, surg_fontan_fen, surg_fontan_rev, surg_fontan_rev_date, surg_fontan_rev_fen, surg_fontan_rev_notes, surg_fontan_rev_type, surg_fontan_type, surg_fontan_type_notes, surg_neo, surg_neo_date, surg_neo_shunt, surg_neo_shunt_notes, surg_neo_type, surg_neo_type_notes, surg_prefontan_oth_date, surg_prefontan_oth_notes, surg_prefontan_other, surg_proc_hx_notes, surg_stage2, surg_stage2_date, surg_stage2_type, surg_stage2_type_notes, surg_count_pump_on, surg_count_pump_off, surg_count_post_fontan, cath_count_at_bch, cath_count_post_fontan, dx_cardiac_anatomy_notes, surg_biv_convert_date, surg_biv_notes) VALUES ('P0008', 'Unknown', 'Unknown', '2002-04-02', 0, 0, 1, 0, 1, 0, 1, 0, 0, 0, 0, 0, 1, 1, 1, 0, 0, 0, 'Unknown', 0, 0, 'Unknown', 0, '2013-12-14', 1, '2023-11-08', 'Unknown', 'Unknown', 0, '1981-04-03', 'Unknown', 'Unknown', 1, '2003-12-09', 'Unknown', 'Unknown', 0, '1998-03-17', 'Unknown', 'Unknown', 1, '2010-11-29', 'Unknown', 'Unknown', 0, '1984-01-29', 1, '1985-10-19', 'buy', 'nothing', 1, '1971-01-07', 'nothing', 'crime', 1, '2005-02-02', 0, '2013-09-15', 'miss', 'almost', 1, '2017-01-04', 66, '1979-06-13', 1, 1, '2022-10-15', 1, 'finally', 'type', 'day', 'something', 1, '1973-12-16', 0, 'among', 'throughout', 'perhaps', '1974-05-23', 'listen', 0, 'campaign', 1, '2000-01-07', 'including', 'news', 57, 60, 91, 12, 87, 'imagine', '1993-02-09', 'civil');
INSERT INTO pt_hx (mrn, dx_cardiac, dx_cardiac_notes, dx_date_recorded, dx_genetic___cornelia_de_lange_syndrome, dx_genetic___digeorge, dx_genetic___ellis_van_creveld_syndrome, dx_genetic___goldenhar_syndrome, dx_genetic___holt_oram_syndrome, dx_genetic___jacobsen_syndrome, dx_genetic___kabuki_syndrome, dx_genetic___kartagener_syndrome, dx_genetic___none, dx_genetic___noonan_syndrome, dx_genetic___other, dx_genetic___rubinstein_taybi_syndrome, dx_genetic___smith_lemli_opitz_syndrome, dx_genetic___suspected_genetic_diagnosis_or_syndrome, dx_genetic___trisomy_21, dx_genetic___turner_syndrome, dx_genetic___vacterl_syndrome_vacter_vater_vaterr_vacterl_h_syndrome, dx_genetic___wollf_hirschhorn_syndrome, dx_genetic_notes, dx_htx, dx_ivc, dx_vent_morph, proc_apc, proc_apc_date, proc_arch, proc_arch_date, proc_arch_type, proc_arch_type_notes, proc_avv, proc_avv_date, proc_avv_type, proc_avv_type_notes, proc_branchpa, proc_branchpa_date, proc_branchpa_type, proc_branchpa_type_notes, proc_fontan_path, proc_fontan_path_date, proc_fontan_path_type, proc_fontan_path_notes, proc_pab, proc_pab_date, proc_pulm_vein_type, proc_pulm_vein_type_notes, proc_pulm_vein, proc_pulm_vein_date, proc_shunt, proc_shunt_date, proc_shunt_type, proc_shunt_type_notes, proc_slv, proc_slv_date, proc_slv_type, proc_slv_type_notes, proc_stansel, proc_stansel_date, proc_svc, proc_svc_date, proc_svc_type, proc_svc_type_notes, proc_vvc, proc_vvc_date, surg_cardiac_total, surg_fontan_date, surg_fontan_fen, surg_fontan_rev, surg_fontan_rev_date, surg_fontan_rev_fen, surg_fontan_rev_notes, surg_fontan_rev_type, surg_fontan_type, surg_fontan_type_notes, surg_neo, surg_neo_date, surg_neo_shunt, surg_neo_shunt_notes, surg_neo_type, surg_neo_type_notes, surg_prefontan_oth_date, surg_prefontan_oth_notes, surg_prefontan_other, surg_proc_hx_notes, surg_stage2, surg_stage2_date, surg_stage2_type, surg_stage2_type_notes, surg_count_pump_on, surg_count_pump_off, surg_count_post_fontan, cath_count_at_bch, cath_count_post_fontan, dx_cardiac_anatomy_notes, surg_biv_convert_date, surg_biv_notes) VALUES ('P0009', 'Unknown', 'Unknown', '1981-12-07', 0, 0, 0, 1, 1, 1, 0, 0, 1, 0, 0, 0, 1, 0, 0, 1, 1, 0, 'Unknown', 0, 1, 'Unknown', 1, '1977-10-24', 1, '2014-03-21', 'Unknown', 'Unknown', 0, '1994-07-29', 'Unknown', 'Unknown', 0, '1978-08-03', 'Unknown', 'Unknown', 0, '1992-11-15', 'Unknown', 'Unknown', 1, '1990-05-17', 'Unknown', 'Unknown', 0, '1980-09-05', 0, '2022-08-26', 'case', 'yes', 1, '1970-02-05', 'space', 'thus', 0, '2012-11-19', 1, '2007-10-09', 'watch', 'deal', 0, '1985-12-30', 62, '1994-08-23', 1, 1, '2003-03-26', 0, 'take', 'hour', 'these', 'dinner', 1, '2021-12-21', 1, 'number', 'probably', 'production', '1987-09-28', 'newspaper', 1, 'left', 0, '2012-05-01', 'under', 'draw', 91, 62, 28, 1, 86, 'suffer', '1972-12-13', 'its');
INSERT INTO pt_hx (mrn, dx_cardiac, dx_cardiac_notes, dx_date_recorded, dx_genetic___cornelia_de_lange_syndrome, dx_genetic___digeorge, dx_genetic___ellis_van_creveld_syndrome, dx_genetic___goldenhar_syndrome, dx_genetic___holt_oram_syndrome, dx_genetic___jacobsen_syndrome, dx_genetic___kabuki_syndrome, dx_genetic___kartagener_syndrome, dx_genetic___none, dx_genetic___noonan_syndrome, dx_genetic___other, dx_genetic___rubinstein_taybi_syndrome, dx_genetic___smith_lemli_opitz_syndrome, dx_genetic___suspected_genetic_diagnosis_or_syndrome, dx_genetic___trisomy_21, dx_genetic___turner_syndrome, dx_genetic___vacterl_syndrome_vacter_vater_vaterr_vacterl_h_syndrome, dx_genetic___wollf_hirschhorn_syndrome, dx_genetic_notes, dx_htx, dx_ivc, dx_vent_morph, proc_apc, proc_apc_date, proc_arch, proc_arch_date, proc_arch_type, proc_arch_type_notes, proc_avv, proc_avv_date, proc_avv_type, proc_avv_type_notes, proc_branchpa, proc_branchpa_date, proc_branchpa_type, proc_branchpa_type_notes, proc_fontan_path, proc_fontan_path_date, proc_fontan_path_type, proc_fontan_path_notes, proc_pab, proc_pab_date, proc_pulm_vein_type, proc_pulm_vein_type_notes, proc_pulm_vein, proc_pulm_vein_date, proc_shunt, proc_shunt_date, proc_shunt_type, proc_shunt_type_notes, proc_slv, proc_slv_date, proc_slv_type, proc_slv_type_notes, proc_stansel, proc_stansel_date, proc_svc, proc_svc_date, proc_svc_type, proc_svc_type_notes, proc_vvc, proc_vvc_date, surg_cardiac_total, surg_fontan_date, surg_fontan_fen, surg_fontan_rev, surg_fontan_rev_date, surg_fontan_rev_fen, surg_fontan_rev_notes, surg_fontan_rev_type, surg_fontan_type, surg_fontan_type_notes, surg_neo, surg_neo_date, surg_neo_shunt, surg_neo_shunt_notes, surg_neo_type, surg_neo_type_notes, surg_prefontan_oth_date, surg_prefontan_oth_notes, surg_prefontan_other, surg_proc_hx_notes, surg_stage2, surg_stage2_date, surg_stage2_type, surg_stage2_type_notes, surg_count_pump_on, surg_count_pump_off, surg_count_post_fontan, cath_count_at_bch, cath_count_post_fontan, dx_cardiac_anatomy_notes, surg_biv_convert_date, surg_biv_notes) VALUES ('P0010', 'Unknown', 'Unknown', '2023-11-01', 1, 0, 1, 1, 0, 0, 1, 1, 1, 0, 1, 1, 0, 0, 1, 0, 0, 1, 'Unknown', 0, 0, 'Unknown', 1, '1970-08-13', 1, '2024-03-14', 'Unknown', 'Unknown', 1, '1977-04-29', 'Unknown', 'Unknown', 1, '2006-12-10', 'Unknown', 'Unknown', 1, '2020-10-27', 'Unknown', 'Unknown', 0, '1997-09-26', 'Unknown', 'Unknown', 0, '2009-12-03', 0, '1982-02-17', 'your', 'last', 1, '2006-11-05', 'agent', 'those', 1, '2013-07-07', 0, '2002-08-24', 'put', 'food', 1, '1973-08-22', 57, '2020-05-11', 0, 1, '1993-03-08', 1, 'surface', 'worker', 'whole', 'relationship', 0, '1992-08-28', 1, 'hundred', 'effect', 'artist', '1987-11-28', 'later', 1, 'law', 1, '1998-12-03', 'near', 'forget', 83, 46, 47, 94, 23, 'easy', '2015-01-27', 'simple');
INSERT INTO status (mrn, status_assess_date, hx_nyha, hx_nyha_date, hx_arrest_nonperi_date, hx_arrest_nonperi_notes, hx_arrest_peri_date, hx_arrest_peri_notes, hx_ascites, hx_ascites_date, hx_cardiacarrest_nonperiop, hx_cardiacarrest_periop, hx_ecmo, hx_ecmo_cannulations, hx_ecmo_date, hx_ep_atrial_arrhythmia, hx_ep_atrial_arrhythmia, hx_ep_atrial_arrhythmia, hx_ep_atrial_arrhythmia_date, hx_ep_cardiover_elect_date, hx_ep_cardiover_emerg_date, hx_ep_cardiover_emerg_notes, hx_ep_cardioversion_elect, hx_ep_cardioversion_nonele, hx_ep_defib, hx_ep_defib_date, hx_ep_defib_rsn___atrial_arrhythmia, hx_ep_defib_rsn___history_of_cardiac_arrest, hx_ep_defib_rsn___history_of_syncope, hx_ep_defib_rsn___other, hx_ep_defib_rsn___ventricular_arrhythmia, hx_ep_defib_rsn_notes, hx_ep_nsvt, hx_ep_nsvt_date, hx_ep_pacemaker, hx_ep_pacemaker_date, hx_ep_pacemaker_rsn___arrhythmia, hx_ep_pacemaker_rsn___heart_block, hx_ep_pacemaker_rsn___other, hx_ep_pacemaker_rsn___sinus_node_dysfunction, hx_ep_pacemaker_rsn_notes, hx_ep_sinus_dysfxn, hx_ep_sinus_dysfxn_date, hx_ep_study, hx_ep_study_date, hx_ep_study_findings___atrial_flutter_ablation, hx_ep_study_findings___atrial_tachyarrhythmia_ablation, hx_ep_study_findings___inducible_atrial_tachyarrhythmia, hx_ep_study_findings___inducible_ventricular_tachyarrhythmia, hx_ep_study_findings___other, hx_ep_study_findings___ventricular_tachyarrhythmia_ablation, hx_ep_study_findings_notes, hx_ep_vt, hx_ep_vt_date, hx_hcc, hx_hcc_date, hx_hemoptysis, hx_hemoptysis_date, hx_liver, hx_liver_date, hx_pe_chylous, hx_pe_chylous_date, hx_pe_nonchylous, hx_pe_nonchylous_date, hx_plast_bronch, hx_plast_bronch_date, hx_ple, hx_ple_date, hx_renal_dysfxn, hx_renal_dysfxn_date, hx_seizures, hx_seizures_date, hx_stroke_nonperiop, hx_stroke_nonperiop_date, hx_stroke_periop, hx_stroke_periop_date, hx_thrombus, hx_thrombus_date, hx_thrombus_loc___branch_pas, hx_thrombus_loc___fontan_or_right_atrium_ra, hx_thrombus_loc___inferior_vena_cava_ivc, hx_thrombus_loc___larger_ventricle, hx_thrombus_loc___left_atrium_la, hx_thrombus_loc___other, hx_thrombus_loc___smaller_ventricle, hx_thrombus_loc___superior_vena_cava_svc, hx_thrombus_loc_notes, hx_tia, hx_tia_date, hx_tx_list, hx_tx_list_date, meds_acei, meds_anticoag, meds_anticoag_notes, meds_anticoag_type___apixaban_eliquis, meds_anticoag_type___aspirin, meds_anticoag_type___clopidogrel_plavix, meds_anticoag_type___dabigatran_pradaxa, meds_anticoag_type___low_molecular_weight_heparin_lovenox_enoxaparin, meds_anticoag_type___other, meds_anticoag_type___rivaroxaban_xarelto, meds_anticoag_type___warfarin_coumadin_jantoven, meds_betablocker, meds_diuretic, meds_psych, meds_vasodilator, status_date_recorded, hx_notes, hx_anxiety, hx_bleeding, hx_anxiety_date, hx_bleeding_date, hx_cva, hx_chf, ep_notes, ep_comments, hx_avm, hx_avm_date) VALUES ('P0001', '1996-02-20', 'move', '1975-04-25', '1993-04-25', 'on', '2000-01-12', 'significant', 1, '2002-12-16', 1, 0, 0, 'Unknown', '1972-09-22', 0, 0, 0, '2022-05-17', '1980-07-13', '1988-10-17', 'me', 1, 1, 1, '1993-12-11', 0, 1, 0, 1, 1, 'base', 0, '2015-08-21', 1, '2018-07-04', 1, 1, 0, 0, 'ask', 1, '1993-09-06', 0, '1987-11-20', 0, 0, 1, 0, 0, 1, 'country', 1, '1978-09-25', 1, '2024-07-31', 0, '1979-01-07', 1, '2019-08-29', 0, '1995-06-14', 0, '2001-09-09', 0, '1990-05-16', 1, '2014-05-16', 1, '2016-07-27', 1, '1983-04-29', 0, '1987-04-17', 1, '1987-10-18', 1, '2003-12-08', 0, 0, 1, 1, 0, 1, 0, 0, 'include', 0, '1986-10-15', 0, '1981-05-26', 0, 1, 0, 1, 0, 1, 1, 1, 1, 1, 1, 1, 0, 0, 1, '1988-02-28', 'time', 1, 0, '1978-07-10', '2007-07-14', 1, 0, 'through', 'stand', 1, '1988-01-14');
INSERT INTO status (mrn, status_assess_date, hx_nyha, hx_nyha_date, hx_arrest_nonperi_date, hx_arrest_nonperi_notes, hx_arrest_peri_date, hx_arrest_peri_notes, hx_ascites, hx_ascites_date, hx_cardiacarrest_nonperiop, hx_cardiacarrest_periop, hx_ecmo, hx_ecmo_cannulations, hx_ecmo_date, hx_ep_atrial_arrhythmia, hx_ep_atrial_arrhythmia, hx_ep_atrial_arrhythmia, hx_ep_atrial_arrhythmia_date, hx_ep_cardiover_elect_date, hx_ep_cardiover_emerg_date, hx_ep_cardiover_emerg_notes, hx_ep_cardioversion_elect, hx_ep_cardioversion_nonele, hx_ep_defib, hx_ep_defib_date, hx_ep_defib_rsn___atrial_arrhythmia, hx_ep_defib_rsn___history_of_cardiac_arrest, hx_ep_defib_rsn___history_of_syncope, hx_ep_defib_rsn___other, hx_ep_defib_rsn___ventricular_arrhythmia, hx_ep_defib_rsn_notes, hx_ep_nsvt, hx_ep_nsvt_date, hx_ep_pacemaker, hx_ep_pacemaker_date, hx_ep_pacemaker_rsn___arrhythmia, hx_ep_pacemaker_rsn___heart_block, hx_ep_pacemaker_rsn___other, hx_ep_pacemaker_rsn___sinus_node_dysfunction, hx_ep_pacemaker_rsn_notes, hx_ep_sinus_dysfxn, hx_ep_sinus_dysfxn_date, hx_ep_study, hx_ep_study_date, hx_ep_study_findings___atrial_flutter_ablation, hx_ep_study_findings___atrial_tachyarrhythmia_ablation, hx_ep_study_findings___inducible_atrial_tachyarrhythmia, hx_ep_study_findings___inducible_ventricular_tachyarrhythmia, hx_ep_study_findings___other, hx_ep_study_findings___ventricular_tachyarrhythmia_ablation, hx_ep_study_findings_notes, hx_ep_vt, hx_ep_vt_date, hx_hcc, hx_hcc_date, hx_hemoptysis, hx_hemoptysis_date, hx_liver, hx_liver_date, hx_pe_chylous, hx_pe_chylous_date, hx_pe_nonchylous, hx_pe_nonchylous_date, hx_plast_bronch, hx_plast_bronch_date, hx_ple, hx_ple_date, hx_renal_dysfxn, hx_renal_dysfxn_date, hx_seizures, hx_seizures_date, hx_stroke_nonperiop, hx_stroke_nonperiop_date, hx_stroke_periop, hx_stroke_periop_date, hx_thrombus, hx_thrombus_date, hx_thrombus_loc___branch_pas, hx_thrombus_loc___fontan_or_right_atrium_ra, hx_thrombus_loc___inferior_vena_cava_ivc, hx_thrombus_loc___larger_ventricle, hx_thrombus_loc___left_atrium_la, hx_thrombus_loc___other, hx_thrombus_loc___smaller_ventricle, hx_thrombus_loc___superior_vena_cava_svc, hx_thrombus_loc_notes, hx_tia, hx_tia_date, hx_tx_list, hx_tx_list_date, meds_acei, meds_anticoag, meds_anticoag_notes, meds_anticoag_type___apixaban_eliquis, meds_anticoag_type___aspirin, meds_anticoag_type___clopidogrel_plavix, meds_anticoag_type___dabigatran_pradaxa, meds_anticoag_type___low_molecular_weight_heparin_lovenox_enoxaparin, meds_anticoag_type___other, meds_anticoag_type___rivaroxaban_xarelto, meds_anticoag_type___warfarin_coumadin_jantoven, meds_betablocker, meds_diuretic, meds_psych, meds_vasodilator, status_date_recorded, hx_notes, hx_anxiety, hx_bleeding, hx_anxiety_date, hx_bleeding_date, hx_cva, hx_chf, ep_notes, ep_comments, hx_avm, hx_avm_date) VALUES ('P0002', '2017-12-06', 'thing', '1993-11-30', '1989-07-15', 'board', '2023-01-16', 'election', 1, '2008-02-02', 1, 1, 1, 'Unknown', '1996-12-11', 1, 0, 1, '1995-10-16', '1970-04-15', '1982-03-26', 'success', 1, 0, 1, '1990-02-20', 0, 0, 1, 0, 1, 'forget', 1, '1990-01-20', 0, '1985-09-11', 0, 1, 1, 1, 'statement', 1, '2009-04-02', 1, '1982-06-02', 0, 1, 1, 0, 0, 0, 'have', 1, '1993-04-13', 1, '1971-11-17', 0, '2012-10-28', 1, '2014-03-06', 1, '2004-12-28', 0, '2007-09-11', 1, '1993-02-05', 0, '1980-07-17', 1, '2018-08-13', 1, '2012-02-11', 0, '1981-04-01', 1, '2009-04-07', 1, '2005-09-06', 1, 0, 0, 1, 0, 1, 1, 1, 'house', 0, '2018-09-10', 0, '1992-08-28', 0, 1, 1, 1, 1, 1, 0, 0, 0, 1, 1, 0, 1, 1, 0, '1994-12-16', 'total', 1, 0, '2018-12-14', '2005-11-13', 0, 0, 'future', 'southern', 0, '1972-09-19');
INSERT INTO status (mrn, status_assess_date, hx_nyha, hx_nyha_date, hx_arrest_nonperi_date, hx_arrest_nonperi_notes, hx_arrest_peri_date, hx_arrest_peri_notes, hx_ascites, hx_ascites_date, hx_cardiacarrest_nonperiop, hx_cardiacarrest_periop, hx_ecmo, hx_ecmo_cannulations, hx_ecmo_date, hx_ep_atrial_arrhythmia, hx_ep_atrial_arrhythmia, hx_ep_atrial_arrhythmia, hx_ep_atrial_arrhythmia_date, hx_ep_cardiover_elect_date, hx_ep_cardiover_emerg_date, hx_ep_cardiover_emerg_notes, hx_ep_cardioversion_elect, hx_ep_cardioversion_nonele, hx_ep_defib, hx_ep_defib_date, hx_ep_defib_rsn___atrial_arrhythmia, hx_ep_defib_rsn___history_of_cardiac_arrest, hx_ep_defib_rsn___history_of_syncope, hx_ep_defib_rsn___other, hx_ep_defib_rsn___ventricular_arrhythmia, hx_ep_defib_rsn_notes, hx_ep_nsvt, hx_ep_nsvt_date, hx_ep_pacemaker, hx_ep_pacemaker_date, hx_ep_pacemaker_rsn___arrhythmia, hx_ep_pacemaker_rsn___heart_block, hx_ep_pacemaker_rsn___other, hx_ep_pacemaker_rsn___sinus_node_dysfunction, hx_ep_pacemaker_rsn_notes, hx_ep_sinus_dysfxn, hx_ep_sinus_dysfxn_date, hx_ep_study, hx_ep_study_date, hx_ep_study_findings___atrial_flutter_ablation, hx_ep_study_findings___atrial_tachyarrhythmia_ablation, hx_ep_study_findings___inducible_atrial_tachyarrhythmia, hx_ep_study_findings___inducible_ventricular_tachyarrhythmia, hx_ep_study_findings___other, hx_ep_study_findings___ventricular_tachyarrhythmia_ablation, hx_ep_study_findings_notes, hx_ep_vt, hx_ep_vt_date, hx_hcc, hx_hcc_date, hx_hemoptysis, hx_hemoptysis_date, hx_liver, hx_liver_date, hx_pe_chylous, hx_pe_chylous_date, hx_pe_nonchylous, hx_pe_nonchylous_date, hx_plast_bronch, hx_plast_bronch_date, hx_ple, hx_ple_date, hx_renal_dysfxn, hx_renal_dysfxn_date, hx_seizures, hx_seizures_date, hx_stroke_nonperiop, hx_stroke_nonperiop_date, hx_stroke_periop, hx_stroke_periop_date, hx_thrombus, hx_thrombus_date, hx_thrombus_loc___branch_pas, hx_thrombus_loc___fontan_or_right_atrium_ra, hx_thrombus_loc___inferior_vena_cava_ivc, hx_thrombus_loc___larger_ventricle, hx_thrombus_loc___left_atrium_la, hx_thrombus_loc___other, hx_thrombus_loc___smaller_ventricle, hx_thrombus_loc___superior_vena_cava_svc, hx_thrombus_loc_notes, hx_tia, hx_tia_date, hx_tx_list, hx_tx_list_date, meds_acei, meds_anticoag, meds_anticoag_notes, meds_anticoag_type___apixaban_eliquis, meds_anticoag_type___aspirin, meds_anticoag_type___clopidogrel_plavix, meds_anticoag_type___dabigatran_pradaxa, meds_anticoag_type___low_molecular_weight_heparin_lovenox_enoxaparin, meds_anticoag_type___other, meds_anticoag_type___rivaroxaban_xarelto, meds_anticoag_type___warfarin_coumadin_jantoven, meds_betablocker, meds_diuretic, meds_psych, meds_vasodilator, status_date_recorded, hx_notes, hx_anxiety, hx_bleeding, hx_anxiety_date, hx_bleeding_date, hx_cva, hx_chf, ep_notes, ep_comments, hx_avm, hx_avm_date) VALUES ('P0003', '1986-03-01', 'candidate', '1976-01-03', '2009-04-08', 'along', '1994-10-30', 'it', 1, '2011-01-28', 0, 0, 1, 'Unknown', '1995-08-20', 1, 0, 1, '2000-03-09', '2011-09-18', '1971-03-18', 'end', 1, 1, 1, '1992-05-27', 0, 1, 1, 0, 1, 'financial', 0, '1979-10-02', 1, '2020-08-24', 0, 0, 1, 0, 'instead', 0, '2016-06-24', 1, '1989-04-01', 0, 0, 0, 0, 1, 1, 'customer', 0, '1997-12-25', 0, '1983-03-06', 0, '1988-10-07', 0, '2005-10-21', 0, '1993-07-08', 1, '1979-12-11', 0, '1999-04-15', 0, '2014-07-16', 0, '2021-11-02', 0, '1982-03-24', 0, '1984-06-24', 1, '1987-02-09', 1, '2016-01-31', 1, 1, 0, 1, 1, 1, 0, 0, 'wait', 0, '1983-07-21', 0, '2005-06-11', 0, 0, 1, 1, 1, 1, 0, 1, 1, 0, 0, 1, 0, 1, 1, '1982-03-22', 'environment', 0, 1, '2022-04-08', '1986-05-25', 1, 0, 'everybody', 'social', 0, '2018-08-07');
INSERT INTO status (mrn, status_assess_date, hx_nyha, hx_nyha_date, hx_arrest_nonperi_date, hx_arrest_nonperi_notes, hx_arrest_peri_date, hx_arrest_peri_notes, hx_ascites, hx_ascites_date, hx_cardiacarrest_nonperiop, hx_cardiacarrest_periop, hx_ecmo, hx_ecmo_cannulations, hx_ecmo_date, hx_ep_atrial_arrhythmia, hx_ep_atrial_arrhythmia, hx_ep_atrial_arrhythmia, hx_ep_atrial_arrhythmia_date, hx_ep_cardiover_elect_date, hx_ep_cardiover_emerg_date, hx_ep_cardiover_emerg_notes, hx_ep_cardioversion_elect, hx_ep_cardioversion_nonele, hx_ep_defib, hx_ep_defib_date, hx_ep_defib_rsn___atrial_arrhythmia, hx_ep_defib_rsn___history_of_cardiac_arrest, hx_ep_defib_rsn___history_of_syncope, hx_ep_defib_rsn___other, hx_ep_defib_rsn___ventricular_arrhythmia, hx_ep_defib_rsn_notes, hx_ep_nsvt, hx_ep_nsvt_date, hx_ep_pacemaker, hx_ep_pacemaker_date, hx_ep_pacemaker_rsn___arrhythmia, hx_ep_pacemaker_rsn___heart_block, hx_ep_pacemaker_rsn___other, hx_ep_pacemaker_rsn___sinus_node_dysfunction, hx_ep_pacemaker_rsn_notes, hx_ep_sinus_dysfxn, hx_ep_sinus_dysfxn_date, hx_ep_study, hx_ep_study_date, hx_ep_study_findings___atrial_flutter_ablation, hx_ep_study_findings___atrial_tachyarrhythmia_ablation, hx_ep_study_findings___inducible_atrial_tachyarrhythmia, hx_ep_study_findings___inducible_ventricular_tachyarrhythmia, hx_ep_study_findings___other, hx_ep_study_findings___ventricular_tachyarrhythmia_ablation, hx_ep_study_findings_notes, hx_ep_vt, hx_ep_vt_date, hx_hcc, hx_hcc_date, hx_hemoptysis, hx_hemoptysis_date, hx_liver, hx_liver_date, hx_pe_chylous, hx_pe_chylous_date, hx_pe_nonchylous, hx_pe_nonchylous_date, hx_plast_bronch, hx_plast_bronch_date, hx_ple, hx_ple_date, hx_renal_dysfxn, hx_renal_dysfxn_date, hx_seizures, hx_seizures_date, hx_stroke_nonperiop, hx_stroke_nonperiop_date, hx_stroke_periop, hx_stroke_periop_date, hx_thrombus, hx_thrombus_date, hx_thrombus_loc___branch_pas, hx_thrombus_loc___fontan_or_right_atrium_ra, hx_thrombus_loc___inferior_vena_cava_ivc, hx_thrombus_loc___larger_ventricle, hx_thrombus_loc___left_atrium_la, hx_thrombus_loc___other, hx_thrombus_loc___smaller_ventricle, hx_thrombus_loc___superior_vena_cava_svc, hx_thrombus_loc_notes, hx_tia, hx_tia_date, hx_tx_list, hx_tx_list_date, meds_acei, meds_anticoag, meds_anticoag_notes, meds_anticoag_type___apixaban_eliquis, meds_anticoag_type___aspirin, meds_anticoag_type___clopidogrel_plavix, meds_anticoag_type___dabigatran_pradaxa, meds_anticoag_type___low_molecular_weight_heparin_lovenox_enoxaparin, meds_anticoag_type___other, meds_anticoag_type___rivaroxaban_xarelto, meds_anticoag_type___warfarin_coumadin_jantoven, meds_betablocker, meds_diuretic, meds_psych, meds_vasodilator, status_date_recorded, hx_notes, hx_anxiety, hx_bleeding, hx_anxiety_date, hx_bleeding_date, hx_cva, hx_chf, ep_notes, ep_comments, hx_avm, hx_avm_date) VALUES ('P0004', '1998-09-14', 'court', '1984-05-25', '2019-08-27', 'way', '2018-05-18', 'sister', 0, '1997-12-22', 0, 0, 1, 'Unknown', '1973-05-21', 0, 0, 1, '1996-06-27', '2012-02-20', '1974-01-14', 'design', 0, 1, 1, '2004-01-26', 0, 0, 1, 1, 1, 'material', 1, '1979-12-04', 0, '2010-08-28', 0, 0, 1, 1, 'risk', 1, '2016-08-03', 0, '2011-06-17', 0, 0, 1, 0, 0, 0, 'live', 1, '1981-07-16', 1, '2016-06-15', 1, '1996-06-20', 0, '1973-03-12', 1, '1979-01-25', 0, '1989-04-14', 1, '2015-06-04', 0, '1982-01-14', 1, '2013-12-06', 0, '1976-04-26', 0, '2000-09-17', 0, '2000-03-01', 1, '1999-10-11', 0, 0, 0, 0, 1, 0, 0, 0, 'action', 0, '2013-07-03', 1, '1970-01-29', 0, 0, 0, 0, 1, 1, 1, 0, 1, 0, 1, 0, 0, 0, 0, '2004-10-14', 'model', 0, 1, '1984-11-15', '2020-06-12', 1, 1, 'also', 'wall', 1, '2007-06-03');
INSERT INTO status (mrn, status_assess_date, hx_nyha, hx_nyha_date, hx_arrest_nonperi_date, hx_arrest_nonperi_notes, hx_arrest_peri_date, hx_arrest_peri_notes, hx_ascites, hx_ascites_date, hx_cardiacarrest_nonperiop, hx_cardiacarrest_periop, hx_ecmo, hx_ecmo_cannulations, hx_ecmo_date, hx_ep_atrial_arrhythmia, hx_ep_atrial_arrhythmia, hx_ep_atrial_arrhythmia, hx_ep_atrial_arrhythmia_date, hx_ep_cardiover_elect_date, hx_ep_cardiover_emerg_date, hx_ep_cardiover_emerg_notes, hx_ep_cardioversion_elect, hx_ep_cardioversion_nonele, hx_ep_defib, hx_ep_defib_date, hx_ep_defib_rsn___atrial_arrhythmia, hx_ep_defib_rsn___history_of_cardiac_arrest, hx_ep_defib_rsn___history_of_syncope, hx_ep_defib_rsn___other, hx_ep_defib_rsn___ventricular_arrhythmia, hx_ep_defib_rsn_notes, hx_ep_nsvt, hx_ep_nsvt_date, hx_ep_pacemaker, hx_ep_pacemaker_date, hx_ep_pacemaker_rsn___arrhythmia, hx_ep_pacemaker_rsn___heart_block, hx_ep_pacemaker_rsn___other, hx_ep_pacemaker_rsn___sinus_node_dysfunction, hx_ep_pacemaker_rsn_notes, hx_ep_sinus_dysfxn, hx_ep_sinus_dysfxn_date, hx_ep_study, hx_ep_study_date, hx_ep_study_findings___atrial_flutter_ablation, hx_ep_study_findings___atrial_tachyarrhythmia_ablation, hx_ep_study_findings___inducible_atrial_tachyarrhythmia, hx_ep_study_findings___inducible_ventricular_tachyarrhythmia, hx_ep_study_findings___other, hx_ep_study_findings___ventricular_tachyarrhythmia_ablation, hx_ep_study_findings_notes, hx_ep_vt, hx_ep_vt_date, hx_hcc, hx_hcc_date, hx_hemoptysis, hx_hemoptysis_date, hx_liver, hx_liver_date, hx_pe_chylous, hx_pe_chylous_date, hx_pe_nonchylous, hx_pe_nonchylous_date, hx_plast_bronch, hx_plast_bronch_date, hx_ple, hx_ple_date, hx_renal_dysfxn, hx_renal_dysfxn_date, hx_seizures, hx_seizures_date, hx_stroke_nonperiop, hx_stroke_nonperiop_date, hx_stroke_periop, hx_stroke_periop_date, hx_thrombus, hx_thrombus_date, hx_thrombus_loc___branch_pas, hx_thrombus_loc___fontan_or_right_atrium_ra, hx_thrombus_loc___inferior_vena_cava_ivc, hx_thrombus_loc___larger_ventricle, hx_thrombus_loc___left_atrium_la, hx_thrombus_loc___other, hx_thrombus_loc___smaller_ventricle, hx_thrombus_loc___superior_vena_cava_svc, hx_thrombus_loc_notes, hx_tia, hx_tia_date, hx_tx_list, hx_tx_list_date, meds_acei, meds_anticoag, meds_anticoag_notes, meds_anticoag_type___apixaban_eliquis, meds_anticoag_type___aspirin, meds_anticoag_type___clopidogrel_plavix, meds_anticoag_type___dabigatran_pradaxa, meds_anticoag_type___low_molecular_weight_heparin_lovenox_enoxaparin, meds_anticoag_type___other, meds_anticoag_type___rivaroxaban_xarelto, meds_anticoag_type___warfarin_coumadin_jantoven, meds_betablocker, meds_diuretic, meds_psych, meds_vasodilator, status_date_recorded, hx_notes, hx_anxiety, hx_bleeding, hx_anxiety_date, hx_bleeding_date, hx_cva, hx_chf, ep_notes, ep_comments, hx_avm, hx_avm_date) VALUES ('P0005', '2015-01-23', 'its', '1988-10-22', '1996-01-14', 'free', '1980-07-12', 'oil', 0, '1972-09-20', 0, 0, 1, 'Unknown', '1981-09-04', 1, 1, 0, '1998-06-23', '1970-06-22', '1983-11-15', 'early', 0, 1, 1, '1988-09-30', 0, 0, 1, 0, 1, 'ten', 0, '1997-05-20', 0, '2000-01-31', 1, 1, 1, 1, 'purpose', 1, '1976-06-01', 1, '1970-06-21', 0, 1, 1, 1, 1, 1, 'arrive', 0, '1979-12-03', 0, '2019-03-13', 1, '1973-09-09', 1, '1975-08-24', 1, '1989-08-29', 0, '2010-12-18', 1, '2016-03-06', 0, '2000-02-08', 1, '1981-01-26', 0, '1994-11-12', 0, '1997-03-09', 1, '2009-03-07', 1, '1990-04-05', 0, 0, 0, 0, 1, 1, 1, 0, 'note', 0, '1973-12-12', 1, '1992-06-14', 1, 0, 0, 1, 0, 0, 1, 0, 0, 1, 1, 1, 0, 1, 0, '2024-10-03', 'push', 1, 0, '2006-11-18', '1998-12-09', 1, 1, 'recent', 'effect', 0, '2020-01-27');
INSERT INTO status (mrn, status_assess_date, hx_nyha, hx_nyha_date, hx_arrest_nonperi_date, hx_arrest_nonperi_notes, hx_arrest_peri_date, hx_arrest_peri_notes, hx_ascites, hx_ascites_date, hx_cardiacarrest_nonperiop, hx_cardiacarrest_periop, hx_ecmo, hx_ecmo_cannulations, hx_ecmo_date, hx_ep_atrial_arrhythmia, hx_ep_atrial_arrhythmia, hx_ep_atrial_arrhythmia, hx_ep_atrial_arrhythmia_date, hx_ep_cardiover_elect_date, hx_ep_cardiover_emerg_date, hx_ep_cardiover_emerg_notes, hx_ep_cardioversion_elect, hx_ep_cardioversion_nonele, hx_ep_defib, hx_ep_defib_date, hx_ep_defib_rsn___atrial_arrhythmia, hx_ep_defib_rsn___history_of_cardiac_arrest, hx_ep_defib_rsn___history_of_syncope, hx_ep_defib_rsn___other, hx_ep_defib_rsn___ventricular_arrhythmia, hx_ep_defib_rsn_notes, hx_ep_nsvt, hx_ep_nsvt_date, hx_ep_pacemaker, hx_ep_pacemaker_date, hx_ep_pacemaker_rsn___arrhythmia, hx_ep_pacemaker_rsn___heart_block, hx_ep_pacemaker_rsn___other, hx_ep_pacemaker_rsn___sinus_node_dysfunction, hx_ep_pacemaker_rsn_notes, hx_ep_sinus_dysfxn, hx_ep_sinus_dysfxn_date, hx_ep_study, hx_ep_study_date, hx_ep_study_findings___atrial_flutter_ablation, hx_ep_study_findings___atrial_tachyarrhythmia_ablation, hx_ep_study_findings___inducible_atrial_tachyarrhythmia, hx_ep_study_findings___inducible_ventricular_tachyarrhythmia, hx_ep_study_findings___other, hx_ep_study_findings___ventricular_tachyarrhythmia_ablation, hx_ep_study_findings_notes, hx_ep_vt, hx_ep_vt_date, hx_hcc, hx_hcc_date, hx_hemoptysis, hx_hemoptysis_date, hx_liver, hx_liver_date, hx_pe_chylous, hx_pe_chylous_date, hx_pe_nonchylous, hx_pe_nonchylous_date, hx_plast_bronch, hx_plast_bronch_date, hx_ple, hx_ple_date, hx_renal_dysfxn, hx_renal_dysfxn_date, hx_seizures, hx_seizures_date, hx_stroke_nonperiop, hx_stroke_nonperiop_date, hx_stroke_periop, hx_stroke_periop_date, hx_thrombus, hx_thrombus_date, hx_thrombus_loc___branch_pas, hx_thrombus_loc___fontan_or_right_atrium_ra, hx_thrombus_loc___inferior_vena_cava_ivc, hx_thrombus_loc___larger_ventricle, hx_thrombus_loc___left_atrium_la, hx_thrombus_loc___other, hx_thrombus_loc___smaller_ventricle, hx_thrombus_loc___superior_vena_cava_svc, hx_thrombus_loc_notes, hx_tia, hx_tia_date, hx_tx_list, hx_tx_list_date, meds_acei, meds_anticoag, meds_anticoag_notes, meds_anticoag_type___apixaban_eliquis, meds_anticoag_type___aspirin, meds_anticoag_type___clopidogrel_plavix, meds_anticoag_type___dabigatran_pradaxa, meds_anticoag_type___low_molecular_weight_heparin_lovenox_enoxaparin, meds_anticoag_type___other, meds_anticoag_type___rivaroxaban_xarelto, meds_anticoag_type___warfarin_coumadin_jantoven, meds_betablocker, meds_diuretic, meds_psych, meds_vasodilator, status_date_recorded, hx_notes, hx_anxiety, hx_bleeding, hx_anxiety_date, hx_bleeding_date, hx_cva, hx_chf, ep_notes, ep_comments, hx_avm, hx_avm_date) VALUES ('P0006', '2015-02-12', 'much', '1996-10-09', '1993-07-31', 'fine', '1996-05-18', 'development', 0, '2010-03-29', 1, 1, 1, 'Unknown', '2024-09-23', 1, 0, 0, '1980-05-16', '2023-06-20', '2015-01-07', 'general', 1, 1, 0, '1999-04-14', 0, 1, 0, 0, 1, 'see', 1, '2000-09-07', 0, '2020-05-25', 1, 0, 0, 1, 'citizen', 0, '2014-04-10', 0, '1982-01-24', 0, 1, 0, 0, 1, 0, 'per', 1, '1996-06-27', 0, '1995-01-16', 0, '1999-01-17', 1, '2006-04-11', 1, '2010-07-18', 1, '1991-07-01', 0, '1989-12-18', 1, '1989-05-18', 0, '1985-07-03', 0, '1973-09-25', 1, '2013-03-01', 0, '2002-04-01', 0, '2018-05-07', 0, 0, 0, 0, 0, 0, 1, 1, 'else', 0, '2020-12-11', 0, '2006-06-19', 0, 0, 0, 1, 0, 1, 0, 0, 0, 0, 0, 0, 0, 1, 1, '1999-04-20', 'talk', 1, 1, '2011-11-26', '2004-02-21', 1, 0, 'agent', 'both', 1, '1984-04-22');
INSERT INTO status (mrn, status_assess_date, hx_nyha, hx_nyha_date, hx_arrest_nonperi_date, hx_arrest_nonperi_notes, hx_arrest_peri_date, hx_arrest_peri_notes, hx_ascites, hx_ascites_date, hx_cardiacarrest_nonperiop, hx_cardiacarrest_periop, hx_ecmo, hx_ecmo_cannulations, hx_ecmo_date, hx_ep_atrial_arrhythmia, hx_ep_atrial_arrhythmia, hx_ep_atrial_arrhythmia, hx_ep_atrial_arrhythmia_date, hx_ep_cardiover_elect_date, hx_ep_cardiover_emerg_date, hx_ep_cardiover_emerg_notes, hx_ep_cardioversion_elect, hx_ep_cardioversion_nonele, hx_ep_defib, hx_ep_defib_date, hx_ep_defib_rsn___atrial_arrhythmia, hx_ep_defib_rsn___history_of_cardiac_arrest, hx_ep_defib_rsn___history_of_syncope, hx_ep_defib_rsn___other, hx_ep_defib_rsn___ventricular_arrhythmia, hx_ep_defib_rsn_notes, hx_ep_nsvt, hx_ep_nsvt_date, hx_ep_pacemaker, hx_ep_pacemaker_date, hx_ep_pacemaker_rsn___arrhythmia, hx_ep_pacemaker_rsn___heart_block, hx_ep_pacemaker_rsn___other, hx_ep_pacemaker_rsn___sinus_node_dysfunction, hx_ep_pacemaker_rsn_notes, hx_ep_sinus_dysfxn, hx_ep_sinus_dysfxn_date, hx_ep_study, hx_ep_study_date, hx_ep_study_findings___atrial_flutter_ablation, hx_ep_study_findings___atrial_tachyarrhythmia_ablation, hx_ep_study_findings___inducible_atrial_tachyarrhythmia, hx_ep_study_findings___inducible_ventricular_tachyarrhythmia, hx_ep_study_findings___other, hx_ep_study_findings___ventricular_tachyarrhythmia_ablation, hx_ep_study_findings_notes, hx_ep_vt, hx_ep_vt_date, hx_hcc, hx_hcc_date, hx_hemoptysis, hx_hemoptysis_date, hx_liver, hx_liver_date, hx_pe_chylous, hx_pe_chylous_date, hx_pe_nonchylous, hx_pe_nonchylous_date, hx_plast_bronch, hx_plast_bronch_date, hx_ple, hx_ple_date, hx_renal_dysfxn, hx_renal_dysfxn_date, hx_seizures, hx_seizures_date, hx_stroke_nonperiop, hx_stroke_nonperiop_date, hx_stroke_periop, hx_stroke_periop_date, hx_thrombus, hx_thrombus_date, hx_thrombus_loc___branch_pas, hx_thrombus_loc___fontan_or_right_atrium_ra, hx_thrombus_loc___inferior_vena_cava_ivc, hx_thrombus_loc___larger_ventricle, hx_thrombus_loc___left_atrium_la, hx_thrombus_loc___other, hx_thrombus_loc___smaller_ventricle, hx_thrombus_loc___superior_vena_cava_svc, hx_thrombus_loc_notes, hx_tia, hx_tia_date, hx_tx_list, hx_tx_list_date, meds_acei, meds_anticoag, meds_anticoag_notes, meds_anticoag_type___apixaban_eliquis, meds_anticoag_type___aspirin, meds_anticoag_type___clopidogrel_plavix, meds_anticoag_type___dabigatran_pradaxa, meds_anticoag_type___low_molecular_weight_heparin_lovenox_enoxaparin, meds_anticoag_type___other, meds_anticoag_type___rivaroxaban_xarelto, meds_anticoag_type___warfarin_coumadin_jantoven, meds_betablocker, meds_diuretic, meds_psych, meds_vasodilator, status_date_recorded, hx_notes, hx_anxiety, hx_bleeding, hx_anxiety_date, hx_bleeding_date, hx_cva, hx_chf, ep_notes, ep_comments, hx_avm, hx_avm_date) VALUES ('P0007', '2021-02-11', 'none', '2011-01-16', '1988-01-30', 'fast', '1980-02-16', 'many', 0, '1972-08-23', 1, 0, 0, 'Unknown', '1999-11-16', 1, 0, 1, '1980-09-28', '2017-04-16', '1978-11-30', 'try', 1, 1, 1, '2004-06-01', 0, 1, 1, 0, 0, 'street', 0, '1990-12-10', 1, '1986-01-01', 1, 0, 0, 0, 'ask', 0, '2000-10-23', 0, '2009-03-19', 0, 1, 1, 1, 1, 1, 'sound', 0, '1992-11-24', 0, '1974-01-28', 0, '1998-10-08', 0, '1975-11-01', 0, '2004-11-04', 1, '1979-12-06', 1, '1974-07-15', 1, '1973-03-04', 0, '1986-10-20', 0, '1994-04-02', 0, '1978-06-20', 1, '2006-02-02', 1, '2001-04-03', 1, 0, 0, 1, 0, 0, 0, 0, 'author', 1, '1977-11-01', 0, '2022-01-04', 1, 0, 0, 0, 1, 0, 1, 1, 1, 1, 1, 0, 1, 1, 1, '2009-08-28', 'course', 0, 1, '2008-05-21', '1987-06-28', 0, 1, 'mention', 'do', 0, '2019-05-29');
INSERT INTO status (mrn, status_assess_date, hx_nyha, hx_nyha_date, hx_arrest_nonperi_date, hx_arrest_nonperi_notes, hx_arrest_peri_date, hx_arrest_peri_notes, hx_ascites, hx_ascites_date, hx_cardiacarrest_nonperiop, hx_cardiacarrest_periop, hx_ecmo, hx_ecmo_cannulations, hx_ecmo_date, hx_ep_atrial_arrhythmia, hx_ep_atrial_arrhythmia, hx_ep_atrial_arrhythmia, hx_ep_atrial_arrhythmia_date, hx_ep_cardiover_elect_date, hx_ep_cardiover_emerg_date, hx_ep_cardiover_emerg_notes, hx_ep_cardioversion_elect, hx_ep_cardioversion_nonele, hx_ep_defib, hx_ep_defib_date, hx_ep_defib_rsn___atrial_arrhythmia, hx_ep_defib_rsn___history_of_cardiac_arrest, hx_ep_defib_rsn___history_of_syncope, hx_ep_defib_rsn___other, hx_ep_defib_rsn___ventricular_arrhythmia, hx_ep_defib_rsn_notes, hx_ep_nsvt, hx_ep_nsvt_date, hx_ep_pacemaker, hx_ep_pacemaker_date, hx_ep_pacemaker_rsn___arrhythmia, hx_ep_pacemaker_rsn___heart_block, hx_ep_pacemaker_rsn___other, hx_ep_pacemaker_rsn___sinus_node_dysfunction, hx_ep_pacemaker_rsn_notes, hx_ep_sinus_dysfxn, hx_ep_sinus_dysfxn_date, hx_ep_study, hx_ep_study_date, hx_ep_study_findings___atrial_flutter_ablation, hx_ep_study_findings___atrial_tachyarrhythmia_ablation, hx_ep_study_findings___inducible_atrial_tachyarrhythmia, hx_ep_study_findings___inducible_ventricular_tachyarrhythmia, hx_ep_study_findings___other, hx_ep_study_findings___ventricular_tachyarrhythmia_ablation, hx_ep_study_findings_notes, hx_ep_vt, hx_ep_vt_date, hx_hcc, hx_hcc_date, hx_hemoptysis, hx_hemoptysis_date, hx_liver, hx_liver_date, hx_pe_chylous, hx_pe_chylous_date, hx_pe_nonchylous, hx_pe_nonchylous_date, hx_plast_bronch, hx_plast_bronch_date, hx_ple, hx_ple_date, hx_renal_dysfxn, hx_renal_dysfxn_date, hx_seizures, hx_seizures_date, hx_stroke_nonperiop, hx_stroke_nonperiop_date, hx_stroke_periop, hx_stroke_periop_date, hx_thrombus, hx_thrombus_date, hx_thrombus_loc___branch_pas, hx_thrombus_loc___fontan_or_right_atrium_ra, hx_thrombus_loc___inferior_vena_cava_ivc, hx_thrombus_loc___larger_ventricle, hx_thrombus_loc___left_atrium_la, hx_thrombus_loc___other, hx_thrombus_loc___smaller_ventricle, hx_thrombus_loc___superior_vena_cava_svc, hx_thrombus_loc_notes, hx_tia, hx_tia_date, hx_tx_list, hx_tx_list_date, meds_acei, meds_anticoag, meds_anticoag_notes, meds_anticoag_type___apixaban_eliquis, meds_anticoag_type___aspirin, meds_anticoag_type___clopidogrel_plavix, meds_anticoag_type___dabigatran_pradaxa, meds_anticoag_type___low_molecular_weight_heparin_lovenox_enoxaparin, meds_anticoag_type___other, meds_anticoag_type___rivaroxaban_xarelto, meds_anticoag_type___warfarin_coumadin_jantoven, meds_betablocker, meds_diuretic, meds_psych, meds_vasodilator, status_date_recorded, hx_notes, hx_anxiety, hx_bleeding, hx_anxiety_date, hx_bleeding_date, hx_cva, hx_chf, ep_notes, ep_comments, hx_avm, hx_avm_date) VALUES ('P0008', '2003-08-16', 'exist', '2021-03-14', '1978-02-19', 'whose', '2007-08-28', 'risk', 0, '2008-07-06', 0, 0, 1, 'Unknown', '1992-08-27', 1, 1, 0, '2000-12-10', '1976-07-08', '2002-07-10', 'scene', 1, 1, 1, '1996-04-03', 1, 1, 1, 0, 0, 'place', 1, '1974-11-20', 1, '2016-07-17', 1, 0, 1, 0, 'media', 1, '1992-07-29', 0, '1996-08-29', 0, 0, 0, 1, 1, 0, 'water', 0, '1983-12-28', 1, '1990-11-14', 1, '1978-12-30', 1, '1976-10-26', 1, '2006-07-15', 1, '2024-03-07', 1, '2015-07-15', 1, '1991-09-21', 0, '2018-07-05', 1, '2024-06-07', 0, '1987-02-27', 0, '1977-04-01', 0, '2012-03-19', 1, 1, 0, 1, 0, 1, 0, 1, 'available', 0, '2016-10-10', 1, '1998-01-25', 0, 1, 0, 0, 0, 0, 0, 1, 1, 0, 1, 0, 1, 1, 1, '1999-06-06', 'place', 1, 1, '2018-01-19', '2017-11-04', 0, 0, 'dream', 'question', 0, '1984-06-02');
INSERT INTO status (mrn, status_assess_date, hx_nyha, hx_nyha_date, hx_arrest_nonperi_date, hx_arrest_nonperi_notes, hx_arrest_peri_date, hx_arrest_peri_notes, hx_ascites, hx_ascites_date, hx_cardiacarrest_nonperiop, hx_cardiacarrest_periop, hx_ecmo, hx_ecmo_cannulations, hx_ecmo_date, hx_ep_atrial_arrhythmia, hx_ep_atrial_arrhythmia, hx_ep_atrial_arrhythmia, hx_ep_atrial_arrhythmia_date, hx_ep_cardiover_elect_date, hx_ep_cardiover_emerg_date, hx_ep_cardiover_emerg_notes, hx_ep_cardioversion_elect, hx_ep_cardioversion_nonele, hx_ep_defib, hx_ep_defib_date, hx_ep_defib_rsn___atrial_arrhythmia, hx_ep_defib_rsn___history_of_cardiac_arrest, hx_ep_defib_rsn___history_of_syncope, hx_ep_defib_rsn___other, hx_ep_defib_rsn___ventricular_arrhythmia, hx_ep_defib_rsn_notes, hx_ep_nsvt, hx_ep_nsvt_date, hx_ep_pacemaker, hx_ep_pacemaker_date, hx_ep_pacemaker_rsn___arrhythmia, hx_ep_pacemaker_rsn___heart_block, hx_ep_pacemaker_rsn___other, hx_ep_pacemaker_rsn___sinus_node_dysfunction, hx_ep_pacemaker_rsn_notes, hx_ep_sinus_dysfxn, hx_ep_sinus_dysfxn_date, hx_ep_study, hx_ep_study_date, hx_ep_study_findings___atrial_flutter_ablation, hx_ep_study_findings___atrial_tachyarrhythmia_ablation, hx_ep_study_findings___inducible_atrial_tachyarrhythmia, hx_ep_study_findings___inducible_ventricular_tachyarrhythmia, hx_ep_study_findings___other, hx_ep_study_findings___ventricular_tachyarrhythmia_ablation, hx_ep_study_findings_notes, hx_ep_vt, hx_ep_vt_date, hx_hcc, hx_hcc_date, hx_hemoptysis, hx_hemoptysis_date, hx_liver, hx_liver_date, hx_pe_chylous, hx_pe_chylous_date, hx_pe_nonchylous, hx_pe_nonchylous_date, hx_plast_bronch, hx_plast_bronch_date, hx_ple, hx_ple_date, hx_renal_dysfxn, hx_renal_dysfxn_date, hx_seizures, hx_seizures_date, hx_stroke_nonperiop, hx_stroke_nonperiop_date, hx_stroke_periop, hx_stroke_periop_date, hx_thrombus, hx_thrombus_date, hx_thrombus_loc___branch_pas, hx_thrombus_loc___fontan_or_right_atrium_ra, hx_thrombus_loc___inferior_vena_cava_ivc, hx_thrombus_loc___larger_ventricle, hx_thrombus_loc___left_atrium_la, hx_thrombus_loc___other, hx_thrombus_loc___smaller_ventricle, hx_thrombus_loc___superior_vena_cava_svc, hx_thrombus_loc_notes, hx_tia, hx_tia_date, hx_tx_list, hx_tx_list_date, meds_acei, meds_anticoag, meds_anticoag_notes, meds_anticoag_type___apixaban_eliquis, meds_anticoag_type___aspirin, meds_anticoag_type___clopidogrel_plavix, meds_anticoag_type___dabigatran_pradaxa, meds_anticoag_type___low_molecular_weight_heparin_lovenox_enoxaparin, meds_anticoag_type___other, meds_anticoag_type___rivaroxaban_xarelto, meds_anticoag_type___warfarin_coumadin_jantoven, meds_betablocker, meds_diuretic, meds_psych, meds_vasodilator, status_date_recorded, hx_notes, hx_anxiety, hx_bleeding, hx_anxiety_date, hx_bleeding_date, hx_cva, hx_chf, ep_notes, ep_comments, hx_avm, hx_avm_date) VALUES ('P0009', '1992-07-03', 'both', '1994-10-04', '1985-02-10', 'than', '1984-12-06', 'southern', 1, '1989-11-23', 1, 1, 1, 'Unknown', '2007-11-13', 1, 0, 1, '1986-08-31', '1985-08-27', '1994-06-05', 'charge', 0, 1, 0, '2002-04-26', 0, 0, 0, 1, 0, 'network', 1, '1975-01-03', 0, '2022-10-30', 1, 0, 1, 0, 'tree', 1, '2001-11-14', 1, '2013-09-23', 0, 0, 1, 0, 1, 0, 'face', 1, '2020-08-15', 0, '1971-12-12', 1, '1989-06-02', 1, '2003-02-22', 0, '1970-09-07', 1, '1971-06-24', 1, '1998-09-08', 1, '1973-01-27', 0, '1994-01-11', 0, '2006-03-05', 1, '1999-07-30', 1, '2014-05-22', 0, '1993-10-05', 1, 0, 1, 1, 1, 0, 1, 0, 'sister', 0, '1971-08-24', 0, '2009-08-02', 0, 1, 0, 0, 1, 1, 0, 0, 1, 0, 1, 1, 0, 1, 0, '2013-11-28', 'wear', 0, 1, '2022-09-25', '2022-11-29', 0, 0, 'by', 'fine', 1, '1999-12-01');
INSERT INTO status (mrn, status_assess_date, hx_nyha, hx_nyha_date, hx_arrest_nonperi_date, hx_arrest_nonperi_notes, hx_arrest_peri_date, hx_arrest_peri_notes, hx_ascites, hx_ascites_date, hx_cardiacarrest_nonperiop, hx_cardiacarrest_periop, hx_ecmo, hx_ecmo_cannulations, hx_ecmo_date, hx_ep_atrial_arrhythmia, hx_ep_atrial_arrhythmia, hx_ep_atrial_arrhythmia, hx_ep_atrial_arrhythmia_date, hx_ep_cardiover_elect_date, hx_ep_cardiover_emerg_date, hx_ep_cardiover_emerg_notes, hx_ep_cardioversion_elect, hx_ep_cardioversion_nonele, hx_ep_defib, hx_ep_defib_date, hx_ep_defib_rsn___atrial_arrhythmia, hx_ep_defib_rsn___history_of_cardiac_arrest, hx_ep_defib_rsn___history_of_syncope, hx_ep_defib_rsn___other, hx_ep_defib_rsn___ventricular_arrhythmia, hx_ep_defib_rsn_notes, hx_ep_nsvt, hx_ep_nsvt_date, hx_ep_pacemaker, hx_ep_pacemaker_date, hx_ep_pacemaker_rsn___arrhythmia, hx_ep_pacemaker_rsn___heart_block, hx_ep_pacemaker_rsn___other, hx_ep_pacemaker_rsn___sinus_node_dysfunction, hx_ep_pacemaker_rsn_notes, hx_ep_sinus_dysfxn, hx_ep_sinus_dysfxn_date, hx_ep_study, hx_ep_study_date, hx_ep_study_findings___atrial_flutter_ablation, hx_ep_study_findings___atrial_tachyarrhythmia_ablation, hx_ep_study_findings___inducible_atrial_tachyarrhythmia, hx_ep_study_findings___inducible_ventricular_tachyarrhythmia, hx_ep_study_findings___other, hx_ep_study_findings___ventricular_tachyarrhythmia_ablation, hx_ep_study_findings_notes, hx_ep_vt, hx_ep_vt_date, hx_hcc, hx_hcc_date, hx_hemoptysis, hx_hemoptysis_date, hx_liver, hx_liver_date, hx_pe_chylous, hx_pe_chylous_date, hx_pe_nonchylous, hx_pe_nonchylous_date, hx_plast_bronch, hx_plast_bronch_date, hx_ple, hx_ple_date, hx_renal_dysfxn, hx_renal_dysfxn_date, hx_seizures, hx_seizures_date, hx_stroke_nonperiop, hx_stroke_nonperiop_date, hx_stroke_periop, hx_stroke_periop_date, hx_thrombus, hx_thrombus_date, hx_thrombus_loc___branch_pas, hx_thrombus_loc___fontan_or_right_atrium_ra, hx_thrombus_loc___inferior_vena_cava_ivc, hx_thrombus_loc___larger_ventricle, hx_thrombus_loc___left_atrium_la, hx_thrombus_loc___other, hx_thrombus_loc___smaller_ventricle, hx_thrombus_loc___superior_vena_cava_svc, hx_thrombus_loc_notes, hx_tia, hx_tia_date, hx_tx_list, hx_tx_list_date, meds_acei, meds_anticoag, meds_anticoag_notes, meds_anticoag_type___apixaban_eliquis, meds_anticoag_type___aspirin, meds_anticoag_type___clopidogrel_plavix, meds_anticoag_type___dabigatran_pradaxa, meds_anticoag_type___low_molecular_weight_heparin_lovenox_enoxaparin, meds_anticoag_type___other, meds_anticoag_type___rivaroxaban_xarelto, meds_anticoag_type___warfarin_coumadin_jantoven, meds_betablocker, meds_diuretic, meds_psych, meds_vasodilator, status_date_recorded, hx_notes, hx_anxiety, hx_bleeding, hx_anxiety_date, hx_bleeding_date, hx_cva, hx_chf, ep_notes, ep_comments, hx_avm, hx_avm_date) VALUES ('P0010', '1984-04-15', 'form', '2018-09-30', '2024-10-26', 'radio', '1987-04-28', 'community', 1, '1990-05-29', 1, 0, 0, 'Unknown', '2024-06-23', 1, 0, 0, '2005-06-03', '1979-08-19', '2022-02-10', 'always', 0, 1, 0, '1978-04-30', 0, 0, 1, 0, 0, 'property', 0, '1980-06-12', 0, '1982-10-02', 0, 1, 1, 0, 'name', 0, '2017-11-23', 0, '1990-01-01', 0, 0, 0, 0, 0, 1, 'food', 0, '1975-11-24', 0, '1972-07-31', 1, '2017-09-05', 0, '2012-12-14', 1, '1988-02-04', 1, '2016-12-20', 0, '1974-07-06', 0, '1970-02-13', 0, '1971-04-18', 1, '2001-03-21', 1, '2017-01-16', 0, '2020-01-05', 1, '1999-03-22', 0, 0, 0, 0, 1, 1, 1, 1, 'form', 1, '1998-12-09', 0, '1982-12-21', 1, 1, 0, 1, 1, 1, 0, 1, 1, 0, 1, 1, 0, 0, 1, '2021-07-16', 'case', 0, 1, '1985-03-05', '1980-06-11', 1, 0, 'past', 'generation', 1, '1970-06-15');
INSERT INTO cmr (mrn, event_id, cmr_date, cmr_report, cmr_apc, cmr_apc_notes, cmr_flow_asc_ao, cmr_flow_avv, cmr_flow_avv_mitral, cmr_flow_avv_tri, cmr_flow_desc_ao, cmr_flow_fontan, cmr_flow_ivc, cmr_flow_lpa, cmr_flow_lpv, cmr_flow_lsvc, cmr_flow_native_ao, cmr_flow_neo_ao, cmr_flow_qpqs, cmr_flow_qpqs_method, cmr_flow_qpqs_method_notes, cmr_flow_rf_ao, cmr_flow_rf_mv, cmr_flow_rf_pa, cmr_flow_rf_tv, cmr_flow_rpa, cmr_flow_rpv, cmr_flow_rsvc, cmr_regurg_avv, cmr_regurg_slv, cmr_vvc, cmr_vvc_notes, cmr_age_at_cmr, cmr_not_fontan, cmr_technique, cmr_anatomy_notes, cmr_bmi, cmr_contrast, cmr_contrast_agent_dose_ferumoxytol, cmr_contrast_agent_dose_gadobenate, cmr_contrast_agent_dose_gadobutrol, cmr_contrast_agent_dose_gadodiamide, cmr_contrast_agent_dose_gadofosveset, cmr_contrast_agent_dose_gadopentetate, cmr_contrast_agent_dose_gadoteric, cmr_contrast_agent_dose_gadoteridol, cmr_contrast_agent_dose_gadoversetamide, cmr_contrast_agent_dose_gadoxetic, cmr_contrast_agent_dose_other, cmr_contrast_agent_dose_unknown, cmr_contrast_agent_type___ferumoxytol_feraheme, cmr_contrast_agent_type___gadobenate_dimeglumine_multihance, cmr_contrast_agent_type___gadobutrol_gadavist_gadovist, cmr_contrast_agent_type___gadodiamide_omniscan, cmr_contrast_agent_type___gadofosveset_trisodium_ablavar_vasovist, cmr_contrast_agent_type___gadolinium_unknown, cmr_contrast_agent_type___gadopentetate_dimeglumine_magnevist, cmr_contrast_agent_type___gadoteric_acid_gadoterate_meglumine_dotarem_artirem, cmr_contrast_agent_type___gadoteridol_prohance, cmr_contrast_agent_type___gadoversetamide_optimark, cmr_contrast_agent_type___gadoxetic_acid_gadoxetate_eovist, cmr_contrast_agent_type___other, cmr_contrast_agent_type_notes, cmr_fontan_type, cmr_fontan_type_notes, cmr_fontan_fen, cmr_outside, cmr_pt_bp_le_dias, cmr_pt_bp_le_mean, cmr_pt_bp_le_sys, cmr_pt_bp_ue_dias, cmr_pt_bp_ue_mean, cmr_pt_bp_ue_sys, cmr_pt_bsa, cmr_pt_bsa_rpt, cmr_pt_hct, cmr_pt_height, cmr_pt_hr, cmr_pt_weight, cmr_report_artifact_notes, cmr_report_notes, cmr_sedation, cmr_tesla, cmr_tesla_notes, cmr_vendor, cmr_vendor_notes, cmr_ambra, cmr_ambra_tech_issue, cmr_contour, cmr_fxn_notes, cmr_lge, cmr_lge_location___larger_systemic_ventricle_includes_ventricular_septum, cmr_lge_location___other, cmr_lge_location___papillary_muscles, cmr_lge_location___prior_sano_conduit_insertion_site, cmr_lge_location___septal_insertion_site, cmr_lge_location___small_systemic_ventricle, cmr_lge_location___subendocardial_fibroelastosis, cmr_lge_location___unable_to_determine, cmr_lge_notes, cmr_lge_perform, cmr_lv_edv, cmr_lv_ef, cmr_lv_esv, cmr_lv_mass, cmr_lv_mvr, cmr_lv_sv, cmr_sv_mass_height27, cmr_rv_edv, cmr_rv_ef, cmr_rv_esv, cmr_rv_mass, cmr_rv_mvr, cmr_rv_sv, cmr_strain_gcs_2v, cmr_strain_gcs_phase, cmr_strain_gcsr_2v, cmr_strain_gls_2v, cmr_strain_gls_phase, cmr_strain_glsr_2v, cmr_strain_grs_2v, cmr_strain_grsr_2v, cmr_sv_edv, cmr_sv_edv_bsa1, cmr_sv_edv_bsa13, cmr_sv_ef, cmr_sv_esv, cmr_sv_esv_bsa1, cmr_sv_esv_bsa13, cmr_sv_mass, cmr_sv_mass_bsa1, cmr_sv_mass_bsa13, cmr_sv_mvr, cmr_sv_mvr_bsa1, cmr_sv_mvr_bsa13, cmr_sv_sv, cmr_sv_sv_bsa1, cmr_sv_sv_bsa13, cmr_vent_systemic_circ, cmr_mass_height27, cmr_ecv_mean, cmr_ecv_sd, cmr_o2_sat, cmr_t1_mean, cmr_t1_sd, cmr_flow_diff_rpa, cmr_flow_diff_lpa, cmr_dim_aao1, cmr_dim_aao2, cmr_dim_lpa1, cmr_dim_lpa2, cmr_dim_rpa1, cmr_dim_rpa2, cmr_dim_ao_is1, cmr_dim_ao_is2, cmr_dim_ao_arch_distal_trans1, cmr_dim_ao_arch_distal_trans2, cmr_dim_ao_desc1, cmr_dim_ao_desc2, cmr_dim_neoao_root1, cmr_dim_neoao_root2, cmr_dim_ao_valve_annulus1, cmr_dim_ao_valve_annulus2, cmr_dim_neoao_valve_annulus1, cmr_dim_neoao_valve_annulus2, cmr_dim_ao_arch_prox_trans1, cmr_dim_ao_arch_prox_trans2, cmr_dim_tri_valve_annulus_lat1, cmr_dim_mitral_valve_annulus_lat1, cmr_dim_tri_valve_annulus_antpos1, cmr_dim_mitral_valve_annulus_antpos1, cmr_dim_commonav_valve_annulus_lat1, cmr_dim_ao_root_sa1, cmr_sequence_notes, cmr_dim_ao_root_antpos1, cmr_dim_ao_root_trans1, cmr_exam_reason) VALUES ('P0001', 'child', '2005-05-02', 'fine', 0, 'amount', 70.42, 3.73, 49.48, 24.88, 86.74, 47.22, 64.41, 57.12, 90.05, 34.72, 65.82, 68.97, 56.96, 'ability', 'good', 81.87, 50.12, 43.22, 96.24, 8.59, 96.0, 82.01, 16.25, 22.86, 1, 'game', 20, 1, 'exist', 'possible', 66.29, 'general', 50.56, 42.52, 10.4, 42.64, 12.24, 51.36, 55.81, 63.22, 23.0, 59.0, 56.32, 53.53, 0, 0, 1, 1, 0, 1, 1, 1, 1, 0, 1, 1, 'perform', 'impact', 'someone', 'discuss', 0, 33.71, 93.79, 58.57, 73.98, 57.43, 58.07, 58.42, 18.7, 62.36, 73.9, 17, 55.92, 'provide', 'fish', 0, 13.95, 'image', 'interest', 'much', 1, 'similar', 1, 'then', 0, 'fast', 'age', 'quite', 'same', 'fund', 'receive', 'director', 'close', 'affect', 0, 16.92, 16.28, 30.35, 32.47, 42.32, 21.75, 69.7, 88.56, 24.64, 19.28, 24.11, 46.69, 7.11, 45.54, 94, 59.2, 36.01, 10, 41.12, 16.58, 16.54, 82.27, 12.96, 43.87, 32.49, 9.62, 12.84, 86.84, 27.65, 4.16, 4.11, 31.09, 4.42, 10.66, 61.74, 5.8, 11.98, 'school', 51.91, 96.31, 89.14, 25.18, 29.9, 74.59, 67.01, 1.67, 89.86, 28.95, 51.72, 91.88, 44.41, 39.66, 29.68, 3.88, 86.76, 34.99, 39.41, 46.45, 43.11, 65.07, 85.23, 38.61, 59.36, 96.84, 15.93, 34.68, 34.95, 71.71, 82.07, 35.68, 26.76, 55.36, 'certain', 46.81, 17.88, 'view');
INSERT INTO cmr (mrn, event_id, cmr_date, cmr_report, cmr_apc, cmr_apc_notes, cmr_flow_asc_ao, cmr_flow_avv, cmr_flow_avv_mitral, cmr_flow_avv_tri, cmr_flow_desc_ao, cmr_flow_fontan, cmr_flow_ivc, cmr_flow_lpa, cmr_flow_lpv, cmr_flow_lsvc, cmr_flow_native_ao, cmr_flow_neo_ao, cmr_flow_qpqs, cmr_flow_qpqs_method, cmr_flow_qpqs_method_notes, cmr_flow_rf_ao, cmr_flow_rf_mv, cmr_flow_rf_pa, cmr_flow_rf_tv, cmr_flow_rpa, cmr_flow_rpv, cmr_flow_rsvc, cmr_regurg_avv, cmr_regurg_slv, cmr_vvc, cmr_vvc_notes, cmr_age_at_cmr, cmr_not_fontan, cmr_technique, cmr_anatomy_notes, cmr_bmi, cmr_contrast, cmr_contrast_agent_dose_ferumoxytol, cmr_contrast_agent_dose_gadobenate, cmr_contrast_agent_dose_gadobutrol, cmr_contrast_agent_dose_gadodiamide, cmr_contrast_agent_dose_gadofosveset, cmr_contrast_agent_dose_gadopentetate, cmr_contrast_agent_dose_gadoteric, cmr_contrast_agent_dose_gadoteridol, cmr_contrast_agent_dose_gadoversetamide, cmr_contrast_agent_dose_gadoxetic, cmr_contrast_agent_dose_other, cmr_contrast_agent_dose_unknown, cmr_contrast_agent_type___ferumoxytol_feraheme, cmr_contrast_agent_type___gadobenate_dimeglumine_multihance, cmr_contrast_agent_type___gadobutrol_gadavist_gadovist, cmr_contrast_agent_type___gadodiamide_omniscan, cmr_contrast_agent_type___gadofosveset_trisodium_ablavar_vasovist, cmr_contrast_agent_type___gadolinium_unknown, cmr_contrast_agent_type___gadopentetate_dimeglumine_magnevist, cmr_contrast_agent_type___gadoteric_acid_gadoterate_meglumine_dotarem_artirem, cmr_contrast_agent_type___gadoteridol_prohance, cmr_contrast_agent_type___gadoversetamide_optimark, cmr_contrast_agent_type___gadoxetic_acid_gadoxetate_eovist, cmr_contrast_agent_type___other, cmr_contrast_agent_type_notes, cmr_fontan_type, cmr_fontan_type_notes, cmr_fontan_fen, cmr_outside, cmr_pt_bp_le_dias, cmr_pt_bp_le_mean, cmr_pt_bp_le_sys, cmr_pt_bp_ue_dias, cmr_pt_bp_ue_mean, cmr_pt_bp_ue_sys, cmr_pt_bsa, cmr_pt_bsa_rpt, cmr_pt_hct, cmr_pt_height, cmr_pt_hr, cmr_pt_weight, cmr_report_artifact_notes, cmr_report_notes, cmr_sedation, cmr_tesla, cmr_tesla_notes, cmr_vendor, cmr_vendor_notes, cmr_ambra, cmr_ambra_tech_issue, cmr_contour, cmr_fxn_notes, cmr_lge, cmr_lge_location___larger_systemic_ventricle_includes_ventricular_septum, cmr_lge_location___other, cmr_lge_location___papillary_muscles, cmr_lge_location___prior_sano_conduit_insertion_site, cmr_lge_location___septal_insertion_site, cmr_lge_location___small_systemic_ventricle, cmr_lge_location___subendocardial_fibroelastosis, cmr_lge_location___unable_to_determine, cmr_lge_notes, cmr_lge_perform, cmr_lv_edv, cmr_lv_ef, cmr_lv_esv, cmr_lv_mass, cmr_lv_mvr, cmr_lv_sv, cmr_sv_mass_height27, cmr_rv_edv, cmr_rv_ef, cmr_rv_esv, cmr_rv_mass, cmr_rv_mvr, cmr_rv_sv, cmr_strain_gcs_2v, cmr_strain_gcs_phase, cmr_strain_gcsr_2v, cmr_strain_gls_2v, cmr_strain_gls_phase, cmr_strain_glsr_2v, cmr_strain_grs_2v, cmr_strain_grsr_2v, cmr_sv_edv, cmr_sv_edv_bsa1, cmr_sv_edv_bsa13, cmr_sv_ef, cmr_sv_esv, cmr_sv_esv_bsa1, cmr_sv_esv_bsa13, cmr_sv_mass, cmr_sv_mass_bsa1, cmr_sv_mass_bsa13, cmr_sv_mvr, cmr_sv_mvr_bsa1, cmr_sv_mvr_bsa13, cmr_sv_sv, cmr_sv_sv_bsa1, cmr_sv_sv_bsa13, cmr_vent_systemic_circ, cmr_mass_height27, cmr_ecv_mean, cmr_ecv_sd, cmr_o2_sat, cmr_t1_mean, cmr_t1_sd, cmr_flow_diff_rpa, cmr_flow_diff_lpa, cmr_dim_aao1, cmr_dim_aao2, cmr_dim_lpa1, cmr_dim_lpa2, cmr_dim_rpa1, cmr_dim_rpa2, cmr_dim_ao_is1, cmr_dim_ao_is2, cmr_dim_ao_arch_distal_trans1, cmr_dim_ao_arch_distal_trans2, cmr_dim_ao_desc1, cmr_dim_ao_desc2, cmr_dim_neoao_root1, cmr_dim_neoao_root2, cmr_dim_ao_valve_annulus1, cmr_dim_ao_valve_annulus2, cmr_dim_neoao_valve_annulus1, cmr_dim_neoao_valve_annulus2, cmr_dim_ao_arch_prox_trans1, cmr_dim_ao_arch_prox_trans2, cmr_dim_tri_valve_annulus_lat1, cmr_dim_mitral_valve_annulus_lat1, cmr_dim_tri_valve_annulus_antpos1, cmr_dim_mitral_valve_annulus_antpos1, cmr_dim_commonav_valve_annulus_lat1, cmr_dim_ao_root_sa1, cmr_sequence_notes, cmr_dim_ao_root_antpos1, cmr_dim_ao_root_trans1, cmr_exam_reason) VALUES ('P0002', 'hot', '1993-02-20', 'Democrat', 1, 'past', 34.19, 79.52, 18.63, 21.55, 74.08, 41.42, 14.66, 34.13, 80.96, 59.66, 95.09, 21.4, 86.8, 'body', 'city', 82.63, 56.66, 76.78, 25.44, 64.65, 80.56, 42.43, 33.05, 83.6, 1, 'Democrat', 22, 0, 'sure', 'catch', 97.54, 'continue', 90.13, 49.98, 38.23, 13.88, 64.33, 14.35, 36.91, 18.3, 53.92, 10.28, 35.86, 41.05, 1, 1, 0, 0, 1, 1, 1, 0, 0, 1, 0, 0, 'use', 'state', 'piece', 'of', 1, 28.73, 71.13, 10.29, 74.37, 63.72, 1.02, 98.91, 94.96, 96.07, 86.11, 98, 99.28, 'table', 'money', 1, 85.36, 'meet', 'three', 'become', 1, 'wide', 1, 'financial', 0, 'director', 'TV', 'population', 'soon', 'break', 'there', 'cut', 'wish', 'total', 0, 94.37, 29.33, 74.71, 11.57, 28.45, 58.29, 72.41, 77.13, 96.69, 25.82, 27.85, 56.5, 95.63, 17.29, 30, 63.82, 59.4, 62, 47.09, 60.94, 69.54, 85.25, 85.1, 1.66, 68.16, 45.61, 74.73, 86.31, 26.42, 57.05, 17.44, 38.29, 50.57, 53.13, 27.46, 96.6, 26.92, 'collection', 72.5, 26.29, 74.82, 4.83, 66.82, 3.4, 87.27, 77.98, 73.58, 55.27, 14.74, 24.7, 49.67, 91.27, 37.98, 3.54, 48.97, 95.34, 10.96, 86.49, 31.58, 74.76, 84.39, 85.11, 8.15, 90.38, 32.72, 54.33, 5.32, 26.24, 19.73, 25.83, 56.73, 25.46, 'age', 89.52, 69.93, 'against');
INSERT INTO cmr (mrn, event_id, cmr_date, cmr_report, cmr_apc, cmr_apc_notes, cmr_flow_asc_ao, cmr_flow_avv, cmr_flow_avv_mitral, cmr_flow_avv_tri, cmr_flow_desc_ao, cmr_flow_fontan, cmr_flow_ivc, cmr_flow_lpa, cmr_flow_lpv, cmr_flow_lsvc, cmr_flow_native_ao, cmr_flow_neo_ao, cmr_flow_qpqs, cmr_flow_qpqs_method, cmr_flow_qpqs_method_notes, cmr_flow_rf_ao, cmr_flow_rf_mv, cmr_flow_rf_pa, cmr_flow_rf_tv, cmr_flow_rpa, cmr_flow_rpv, cmr_flow_rsvc, cmr_regurg_avv, cmr_regurg_slv, cmr_vvc, cmr_vvc_notes, cmr_age_at_cmr, cmr_not_fontan, cmr_technique, cmr_anatomy_notes, cmr_bmi, cmr_contrast, cmr_contrast_agent_dose_ferumoxytol, cmr_contrast_agent_dose_gadobenate, cmr_contrast_agent_dose_gadobutrol, cmr_contrast_agent_dose_gadodiamide, cmr_contrast_agent_dose_gadofosveset, cmr_contrast_agent_dose_gadopentetate, cmr_contrast_agent_dose_gadoteric, cmr_contrast_agent_dose_gadoteridol, cmr_contrast_agent_dose_gadoversetamide, cmr_contrast_agent_dose_gadoxetic, cmr_contrast_agent_dose_other, cmr_contrast_agent_dose_unknown, cmr_contrast_agent_type___ferumoxytol_feraheme, cmr_contrast_agent_type___gadobenate_dimeglumine_multihance, cmr_contrast_agent_type___gadobutrol_gadavist_gadovist, cmr_contrast_agent_type___gadodiamide_omniscan, cmr_contrast_agent_type___gadofosveset_trisodium_ablavar_vasovist, cmr_contrast_agent_type___gadolinium_unknown, cmr_contrast_agent_type___gadopentetate_dimeglumine_magnevist, cmr_contrast_agent_type___gadoteric_acid_gadoterate_meglumine_dotarem_artirem, cmr_contrast_agent_type___gadoteridol_prohance, cmr_contrast_agent_type___gadoversetamide_optimark, cmr_contrast_agent_type___gadoxetic_acid_gadoxetate_eovist, cmr_contrast_agent_type___other, cmr_contrast_agent_type_notes, cmr_fontan_type, cmr_fontan_type_notes, cmr_fontan_fen, cmr_outside, cmr_pt_bp_le_dias, cmr_pt_bp_le_mean, cmr_pt_bp_le_sys, cmr_pt_bp_ue_dias, cmr_pt_bp_ue_mean, cmr_pt_bp_ue_sys, cmr_pt_bsa, cmr_pt_bsa_rpt, cmr_pt_hct, cmr_pt_height, cmr_pt_hr, cmr_pt_weight, cmr_report_artifact_notes, cmr_report_notes, cmr_sedation, cmr_tesla, cmr_tesla_notes, cmr_vendor, cmr_vendor_notes, cmr_ambra, cmr_ambra_tech_issue, cmr_contour, cmr_fxn_notes, cmr_lge, cmr_lge_location___larger_systemic_ventricle_includes_ventricular_septum, cmr_lge_location___other, cmr_lge_location___papillary_muscles, cmr_lge_location___prior_sano_conduit_insertion_site, cmr_lge_location___septal_insertion_site, cmr_lge_location___small_systemic_ventricle, cmr_lge_location___subendocardial_fibroelastosis, cmr_lge_location___unable_to_determine, cmr_lge_notes, cmr_lge_perform, cmr_lv_edv, cmr_lv_ef, cmr_lv_esv, cmr_lv_mass, cmr_lv_mvr, cmr_lv_sv, cmr_sv_mass_height27, cmr_rv_edv, cmr_rv_ef, cmr_rv_esv, cmr_rv_mass, cmr_rv_mvr, cmr_rv_sv, cmr_strain_gcs_2v, cmr_strain_gcs_phase, cmr_strain_gcsr_2v, cmr_strain_gls_2v, cmr_strain_gls_phase, cmr_strain_glsr_2v, cmr_strain_grs_2v, cmr_strain_grsr_2v, cmr_sv_edv, cmr_sv_edv_bsa1, cmr_sv_edv_bsa13, cmr_sv_ef, cmr_sv_esv, cmr_sv_esv_bsa1, cmr_sv_esv_bsa13, cmr_sv_mass, cmr_sv_mass_bsa1, cmr_sv_mass_bsa13, cmr_sv_mvr, cmr_sv_mvr_bsa1, cmr_sv_mvr_bsa13, cmr_sv_sv, cmr_sv_sv_bsa1, cmr_sv_sv_bsa13, cmr_vent_systemic_circ, cmr_mass_height27, cmr_ecv_mean, cmr_ecv_sd, cmr_o2_sat, cmr_t1_mean, cmr_t1_sd, cmr_flow_diff_rpa, cmr_flow_diff_lpa, cmr_dim_aao1, cmr_dim_aao2, cmr_dim_lpa1, cmr_dim_lpa2, cmr_dim_rpa1, cmr_dim_rpa2, cmr_dim_ao_is1, cmr_dim_ao_is2, cmr_dim_ao_arch_distal_trans1, cmr_dim_ao_arch_distal_trans2, cmr_dim_ao_desc1, cmr_dim_ao_desc2, cmr_dim_neoao_root1, cmr_dim_neoao_root2, cmr_dim_ao_valve_annulus1, cmr_dim_ao_valve_annulus2, cmr_dim_neoao_valve_annulus1, cmr_dim_neoao_valve_annulus2, cmr_dim_ao_arch_prox_trans1, cmr_dim_ao_arch_prox_trans2, cmr_dim_tri_valve_annulus_lat1, cmr_dim_mitral_valve_annulus_lat1, cmr_dim_tri_valve_annulus_antpos1, cmr_dim_mitral_valve_annulus_antpos1, cmr_dim_commonav_valve_annulus_lat1, cmr_dim_ao_root_sa1, cmr_sequence_notes, cmr_dim_ao_root_antpos1, cmr_dim_ao_root_trans1, cmr_exam_reason) VALUES ('P0003', 'almost', '2007-01-18', 'policy', 0, 'ball', 49.27, 24.95, 66.63, 74.29, 87.46, 4.12, 56.45, 44.05, 35.2, 76.04, 2.67, 30.22, 70.82, 'fill', 'mind', 53.72, 46.31, 55.01, 13.77, 77.73, 8.36, 29.08, 2.29, 32.83, 0, 'dinner', 1, 1, 'easy', 'of', 76.48, 'nearly', 45.48, 43.43, 39.99, 51.61, 58.31, 37.18, 56.54, 53.03, 70.07, 24.64, 53.67, 44.32, 1, 1, 0, 0, 1, 0, 0, 0, 1, 0, 1, 1, 'job', 'fine', 'despite', 'ask', 1, 42.32, 35.18, 4.28, 15.06, 10.02, 11.39, 50.43, 59.16, 43.35, 45.12, 13, 32.87, 'role', 'scientist', 1, 74.73, 'I', 'their', 'public', 0, 'chance', 0, 'recent', 1, 'eat', 'process', 'should', 'cold', 'table', 'involve', 'popular', 'change', 'while', 0, 45.58, 32.18, 82.0, 93.91, 51.4, 48.98, 82.21, 71.72, 93.24, 2.74, 62.0, 42.56, 8.34, 15.44, 66, 67.1, 31.0, 45, 7.16, 11.17, 28.43, 25.66, 39.3, 60.32, 37.89, 5.35, 72.86, 67.18, 86.52, 92.71, 87.59, 24.19, 87.58, 92.39, 99.34, 59.47, 22.52, 'over', 99.14, 75.58, 6.93, 29.02, 82.17, 9.47, 30.74, 41.42, 82.42, 24.12, 38.74, 50.41, 33.33, 56.42, 99.27, 2.27, 41.39, 32.75, 68.05, 21.28, 86.23, 99.57, 48.11, 81.47, 37.71, 92.49, 27.94, 11.1, 51.7, 30.44, 49.74, 52.44, 29.94, 84.31, 'expert', 38.54, 41.89, 'and');
INSERT INTO cmr (mrn, event_id, cmr_date, cmr_report, cmr_apc, cmr_apc_notes, cmr_flow_asc_ao, cmr_flow_avv, cmr_flow_avv_mitral, cmr_flow_avv_tri, cmr_flow_desc_ao, cmr_flow_fontan, cmr_flow_ivc, cmr_flow_lpa, cmr_flow_lpv, cmr_flow_lsvc, cmr_flow_native_ao, cmr_flow_neo_ao, cmr_flow_qpqs, cmr_flow_qpqs_method, cmr_flow_qpqs_method_notes, cmr_flow_rf_ao, cmr_flow_rf_mv, cmr_flow_rf_pa, cmr_flow_rf_tv, cmr_flow_rpa, cmr_flow_rpv, cmr_flow_rsvc, cmr_regurg_avv, cmr_regurg_slv, cmr_vvc, cmr_vvc_notes, cmr_age_at_cmr, cmr_not_fontan, cmr_technique, cmr_anatomy_notes, cmr_bmi, cmr_contrast, cmr_contrast_agent_dose_ferumoxytol, cmr_contrast_agent_dose_gadobenate, cmr_contrast_agent_dose_gadobutrol, cmr_contrast_agent_dose_gadodiamide, cmr_contrast_agent_dose_gadofosveset, cmr_contrast_agent_dose_gadopentetate, cmr_contrast_agent_dose_gadoteric, cmr_contrast_agent_dose_gadoteridol, cmr_contrast_agent_dose_gadoversetamide, cmr_contrast_agent_dose_gadoxetic, cmr_contrast_agent_dose_other, cmr_contrast_agent_dose_unknown, cmr_contrast_agent_type___ferumoxytol_feraheme, cmr_contrast_agent_type___gadobenate_dimeglumine_multihance, cmr_contrast_agent_type___gadobutrol_gadavist_gadovist, cmr_contrast_agent_type___gadodiamide_omniscan, cmr_contrast_agent_type___gadofosveset_trisodium_ablavar_vasovist, cmr_contrast_agent_type___gadolinium_unknown, cmr_contrast_agent_type___gadopentetate_dimeglumine_magnevist, cmr_contrast_agent_type___gadoteric_acid_gadoterate_meglumine_dotarem_artirem, cmr_contrast_agent_type___gadoteridol_prohance, cmr_contrast_agent_type___gadoversetamide_optimark, cmr_contrast_agent_type___gadoxetic_acid_gadoxetate_eovist, cmr_contrast_agent_type___other, cmr_contrast_agent_type_notes, cmr_fontan_type, cmr_fontan_type_notes, cmr_fontan_fen, cmr_outside, cmr_pt_bp_le_dias, cmr_pt_bp_le_mean, cmr_pt_bp_le_sys, cmr_pt_bp_ue_dias, cmr_pt_bp_ue_mean, cmr_pt_bp_ue_sys, cmr_pt_bsa, cmr_pt_bsa_rpt, cmr_pt_hct, cmr_pt_height, cmr_pt_hr, cmr_pt_weight, cmr_report_artifact_notes, cmr_report_notes, cmr_sedation, cmr_tesla, cmr_tesla_notes, cmr_vendor, cmr_vendor_notes, cmr_ambra, cmr_ambra_tech_issue, cmr_contour, cmr_fxn_notes, cmr_lge, cmr_lge_location___larger_systemic_ventricle_includes_ventricular_septum, cmr_lge_location___other, cmr_lge_location___papillary_muscles, cmr_lge_location___prior_sano_conduit_insertion_site, cmr_lge_location___septal_insertion_site, cmr_lge_location___small_systemic_ventricle, cmr_lge_location___subendocardial_fibroelastosis, cmr_lge_location___unable_to_determine, cmr_lge_notes, cmr_lge_perform, cmr_lv_edv, cmr_lv_ef, cmr_lv_esv, cmr_lv_mass, cmr_lv_mvr, cmr_lv_sv, cmr_sv_mass_height27, cmr_rv_edv, cmr_rv_ef, cmr_rv_esv, cmr_rv_mass, cmr_rv_mvr, cmr_rv_sv, cmr_strain_gcs_2v, cmr_strain_gcs_phase, cmr_strain_gcsr_2v, cmr_strain_gls_2v, cmr_strain_gls_phase, cmr_strain_glsr_2v, cmr_strain_grs_2v, cmr_strain_grsr_2v, cmr_sv_edv, cmr_sv_edv_bsa1, cmr_sv_edv_bsa13, cmr_sv_ef, cmr_sv_esv, cmr_sv_esv_bsa1, cmr_sv_esv_bsa13, cmr_sv_mass, cmr_sv_mass_bsa1, cmr_sv_mass_bsa13, cmr_sv_mvr, cmr_sv_mvr_bsa1, cmr_sv_mvr_bsa13, cmr_sv_sv, cmr_sv_sv_bsa1, cmr_sv_sv_bsa13, cmr_vent_systemic_circ, cmr_mass_height27, cmr_ecv_mean, cmr_ecv_sd, cmr_o2_sat, cmr_t1_mean, cmr_t1_sd, cmr_flow_diff_rpa, cmr_flow_diff_lpa, cmr_dim_aao1, cmr_dim_aao2, cmr_dim_lpa1, cmr_dim_lpa2, cmr_dim_rpa1, cmr_dim_rpa2, cmr_dim_ao_is1, cmr_dim_ao_is2, cmr_dim_ao_arch_distal_trans1, cmr_dim_ao_arch_distal_trans2, cmr_dim_ao_desc1, cmr_dim_ao_desc2, cmr_dim_neoao_root1, cmr_dim_neoao_root2, cmr_dim_ao_valve_annulus1, cmr_dim_ao_valve_annulus2, cmr_dim_neoao_valve_annulus1, cmr_dim_neoao_valve_annulus2, cmr_dim_ao_arch_prox_trans1, cmr_dim_ao_arch_prox_trans2, cmr_dim_tri_valve_annulus_lat1, cmr_dim_mitral_valve_annulus_lat1, cmr_dim_tri_valve_annulus_antpos1, cmr_dim_mitral_valve_annulus_antpos1, cmr_dim_commonav_valve_annulus_lat1, cmr_dim_ao_root_sa1, cmr_sequence_notes, cmr_dim_ao_root_antpos1, cmr_dim_ao_root_trans1, cmr_exam_reason) VALUES ('P0004', 'skin', '1991-10-03', 'skin', 1, 'result', 56.77, 97.77, 9.48, 97.63, 46.56, 36.14, 43.41, 88.06, 35.33, 49.29, 48.88, 47.83, 64.25, 'development', 'wish', 36.74, 45.04, 65.57, 89.36, 23.13, 92.3, 10.87, 74.33, 87.48, 0, 'community', 33, 0, 'own', 'physical', 60.75, 'century', 1.26, 86.37, 7.77, 62.33, 68.45, 20.61, 38.02, 41.42, 25.78, 45.23, 33.75, 80.07, 0, 1, 0, 0, 1, 0, 1, 0, 1, 0, 1, 1, 'stuff', 'wide', 'skin', 'our', 1, 53.19, 28.97, 87.99, 51.48, 46.61, 11.6, 32.67, 44.24, 37.13, 83.58, 27, 79.52, 'speak', 'play', 1, 82.81, 'option', 'might', 'between', 0, 'world', 0, 'minute', 0, 'development', 'travel', 'as', 'over', 'past', 'result', 'together', 'create', 'number', 1, 93.9, 51.05, 85.51, 2.69, 68.67, 91.92, 45.91, 48.14, 50.41, 47.89, 81.22, 49.78, 71.18, 55.12, 42, 64.3, 19.88, 50, 74.92, 75.71, 88.26, 25.54, 71.09, 32.54, 68.8, 52.02, 58.21, 41.81, 21.42, 19.48, 38.24, 5.71, 59.68, 78.17, 37.74, 2.62, 33.22, 'hospital', 52.37, 44.62, 41.07, 12.87, 70.4, 78.76, 50.11, 63.3, 20.86, 31.73, 59.77, 18.01, 1.18, 83.31, 24.57, 99.69, 10.08, 46.08, 27.82, 10.25, 9.73, 25.16, 18.75, 31.71, 52.93, 3.36, 96.99, 65.98, 37.63, 93.55, 24.53, 70.32, 83.12, 83.09, 'only', 79.07, 88.72, 'election');
INSERT INTO cmr (mrn, event_id, cmr_date, cmr_report, cmr_apc, cmr_apc_notes, cmr_flow_asc_ao, cmr_flow_avv, cmr_flow_avv_mitral, cmr_flow_avv_tri, cmr_flow_desc_ao, cmr_flow_fontan, cmr_flow_ivc, cmr_flow_lpa, cmr_flow_lpv, cmr_flow_lsvc, cmr_flow_native_ao, cmr_flow_neo_ao, cmr_flow_qpqs, cmr_flow_qpqs_method, cmr_flow_qpqs_method_notes, cmr_flow_rf_ao, cmr_flow_rf_mv, cmr_flow_rf_pa, cmr_flow_rf_tv, cmr_flow_rpa, cmr_flow_rpv, cmr_flow_rsvc, cmr_regurg_avv, cmr_regurg_slv, cmr_vvc, cmr_vvc_notes, cmr_age_at_cmr, cmr_not_fontan, cmr_technique, cmr_anatomy_notes, cmr_bmi, cmr_contrast, cmr_contrast_agent_dose_ferumoxytol, cmr_contrast_agent_dose_gadobenate, cmr_contrast_agent_dose_gadobutrol, cmr_contrast_agent_dose_gadodiamide, cmr_contrast_agent_dose_gadofosveset, cmr_contrast_agent_dose_gadopentetate, cmr_contrast_agent_dose_gadoteric, cmr_contrast_agent_dose_gadoteridol, cmr_contrast_agent_dose_gadoversetamide, cmr_contrast_agent_dose_gadoxetic, cmr_contrast_agent_dose_other, cmr_contrast_agent_dose_unknown, cmr_contrast_agent_type___ferumoxytol_feraheme, cmr_contrast_agent_type___gadobenate_dimeglumine_multihance, cmr_contrast_agent_type___gadobutrol_gadavist_gadovist, cmr_contrast_agent_type___gadodiamide_omniscan, cmr_contrast_agent_type___gadofosveset_trisodium_ablavar_vasovist, cmr_contrast_agent_type___gadolinium_unknown, cmr_contrast_agent_type___gadopentetate_dimeglumine_magnevist, cmr_contrast_agent_type___gadoteric_acid_gadoterate_meglumine_dotarem_artirem, cmr_contrast_agent_type___gadoteridol_prohance, cmr_contrast_agent_type___gadoversetamide_optimark, cmr_contrast_agent_type___gadoxetic_acid_gadoxetate_eovist, cmr_contrast_agent_type___other, cmr_contrast_agent_type_notes, cmr_fontan_type, cmr_fontan_type_notes, cmr_fontan_fen, cmr_outside, cmr_pt_bp_le_dias, cmr_pt_bp_le_mean, cmr_pt_bp_le_sys, cmr_pt_bp_ue_dias, cmr_pt_bp_ue_mean, cmr_pt_bp_ue_sys, cmr_pt_bsa, cmr_pt_bsa_rpt, cmr_pt_hct, cmr_pt_height, cmr_pt_hr, cmr_pt_weight, cmr_report_artifact_notes, cmr_report_notes, cmr_sedation, cmr_tesla, cmr_tesla_notes, cmr_vendor, cmr_vendor_notes, cmr_ambra, cmr_ambra_tech_issue, cmr_contour, cmr_fxn_notes, cmr_lge, cmr_lge_location___larger_systemic_ventricle_includes_ventricular_septum, cmr_lge_location___other, cmr_lge_location___papillary_muscles, cmr_lge_location___prior_sano_conduit_insertion_site, cmr_lge_location___septal_insertion_site, cmr_lge_location___small_systemic_ventricle, cmr_lge_location___subendocardial_fibroelastosis, cmr_lge_location___unable_to_determine, cmr_lge_notes, cmr_lge_perform, cmr_lv_edv, cmr_lv_ef, cmr_lv_esv, cmr_lv_mass, cmr_lv_mvr, cmr_lv_sv, cmr_sv_mass_height27, cmr_rv_edv, cmr_rv_ef, cmr_rv_esv, cmr_rv_mass, cmr_rv_mvr, cmr_rv_sv, cmr_strain_gcs_2v, cmr_strain_gcs_phase, cmr_strain_gcsr_2v, cmr_strain_gls_2v, cmr_strain_gls_phase, cmr_strain_glsr_2v, cmr_strain_grs_2v, cmr_strain_grsr_2v, cmr_sv_edv, cmr_sv_edv_bsa1, cmr_sv_edv_bsa13, cmr_sv_ef, cmr_sv_esv, cmr_sv_esv_bsa1, cmr_sv_esv_bsa13, cmr_sv_mass, cmr_sv_mass_bsa1, cmr_sv_mass_bsa13, cmr_sv_mvr, cmr_sv_mvr_bsa1, cmr_sv_mvr_bsa13, cmr_sv_sv, cmr_sv_sv_bsa1, cmr_sv_sv_bsa13, cmr_vent_systemic_circ, cmr_mass_height27, cmr_ecv_mean, cmr_ecv_sd, cmr_o2_sat, cmr_t1_mean, cmr_t1_sd, cmr_flow_diff_rpa, cmr_flow_diff_lpa, cmr_dim_aao1, cmr_dim_aao2, cmr_dim_lpa1, cmr_dim_lpa2, cmr_dim_rpa1, cmr_dim_rpa2, cmr_dim_ao_is1, cmr_dim_ao_is2, cmr_dim_ao_arch_distal_trans1, cmr_dim_ao_arch_distal_trans2, cmr_dim_ao_desc1, cmr_dim_ao_desc2, cmr_dim_neoao_root1, cmr_dim_neoao_root2, cmr_dim_ao_valve_annulus1, cmr_dim_ao_valve_annulus2, cmr_dim_neoao_valve_annulus1, cmr_dim_neoao_valve_annulus2, cmr_dim_ao_arch_prox_trans1, cmr_dim_ao_arch_prox_trans2, cmr_dim_tri_valve_annulus_lat1, cmr_dim_mitral_valve_annulus_lat1, cmr_dim_tri_valve_annulus_antpos1, cmr_dim_mitral_valve_annulus_antpos1, cmr_dim_commonav_valve_annulus_lat1, cmr_dim_ao_root_sa1, cmr_sequence_notes, cmr_dim_ao_root_antpos1, cmr_dim_ao_root_trans1, cmr_exam_reason) VALUES ('P0005', 'information', '1998-12-29', 'quickly', 1, 'anything', 58.96, 95.61, 73.14, 25.96, 32.26, 32.87, 39.66, 89.35, 87.43, 92.99, 8.35, 14.17, 83.22, 'down', 'couple', 2.56, 14.29, 17.41, 93.95, 29.35, 30.25, 10.11, 62.9, 39.92, 1, 'draw', 39, 0, 'moment', 'address', 73.92, 'interest', 55.39, 84.96, 15.13, 20.09, 67.38, 2.81, 52.33, 57.0, 50.19, 39.09, 86.06, 81.2, 1, 0, 0, 0, 0, 1, 0, 0, 0, 0, 0, 1, 'seven', 'well', 'tree', 'near', 0, 93.0, 81.36, 88.58, 96.71, 57.72, 74.3, 79.35, 26.73, 92.21, 57.77, 58, 61.97, 'his', 'assume', 0, 69.48, 'surface', 'here', 'manager', 1, 'summer', 1, 'summer', 1, 'of', 'strong', 'score', 'book', 'population', 'general', 'career', 'look', 'half', 0, 50.13, 99.54, 34.4, 9.2, 98.41, 74.53, 29.85, 74.91, 38.87, 45.44, 12.07, 86.23, 1.9, 27.87, 7, 25.49, 14.76, 20, 43.3, 90.24, 96.01, 43.06, 97.06, 26.6, 30.48, 54.14, 81.26, 70.14, 95.27, 33.67, 84.1, 26.59, 92.72, 6.09, 64.03, 7.56, 5.9, 'outside', 82.66, 53.78, 6.28, 40.94, 65.76, 50.97, 54.52, 97.83, 25.05, 98.9, 36.39, 88.35, 5.46, 58.53, 82.16, 13.31, 66.1, 61.84, 51.25, 42.66, 21.49, 74.17, 6.01, 92.77, 38.58, 78.69, 77.2, 5.18, 6.56, 11.27, 17.6, 10.65, 34.12, 16.13, 'win', 38.48, 64.53, 'subject');
INSERT INTO cmr (mrn, event_id, cmr_date, cmr_report, cmr_apc, cmr_apc_notes, cmr_flow_asc_ao, cmr_flow_avv, cmr_flow_avv_mitral, cmr_flow_avv_tri, cmr_flow_desc_ao, cmr_flow_fontan, cmr_flow_ivc, cmr_flow_lpa, cmr_flow_lpv, cmr_flow_lsvc, cmr_flow_native_ao, cmr_flow_neo_ao, cmr_flow_qpqs, cmr_flow_qpqs_method, cmr_flow_qpqs_method_notes, cmr_flow_rf_ao, cmr_flow_rf_mv, cmr_flow_rf_pa, cmr_flow_rf_tv, cmr_flow_rpa, cmr_flow_rpv, cmr_flow_rsvc, cmr_regurg_avv, cmr_regurg_slv, cmr_vvc, cmr_vvc_notes, cmr_age_at_cmr, cmr_not_fontan, cmr_technique, cmr_anatomy_notes, cmr_bmi, cmr_contrast, cmr_contrast_agent_dose_ferumoxytol, cmr_contrast_agent_dose_gadobenate, cmr_contrast_agent_dose_gadobutrol, cmr_contrast_agent_dose_gadodiamide, cmr_contrast_agent_dose_gadofosveset, cmr_contrast_agent_dose_gadopentetate, cmr_contrast_agent_dose_gadoteric, cmr_contrast_agent_dose_gadoteridol, cmr_contrast_agent_dose_gadoversetamide, cmr_contrast_agent_dose_gadoxetic, cmr_contrast_agent_dose_other, cmr_contrast_agent_dose_unknown, cmr_contrast_agent_type___ferumoxytol_feraheme, cmr_contrast_agent_type___gadobenate_dimeglumine_multihance, cmr_contrast_agent_type___gadobutrol_gadavist_gadovist, cmr_contrast_agent_type___gadodiamide_omniscan, cmr_contrast_agent_type___gadofosveset_trisodium_ablavar_vasovist, cmr_contrast_agent_type___gadolinium_unknown, cmr_contrast_agent_type___gadopentetate_dimeglumine_magnevist, cmr_contrast_agent_type___gadoteric_acid_gadoterate_meglumine_dotarem_artirem, cmr_contrast_agent_type___gadoteridol_prohance, cmr_contrast_agent_type___gadoversetamide_optimark, cmr_contrast_agent_type___gadoxetic_acid_gadoxetate_eovist, cmr_contrast_agent_type___other, cmr_contrast_agent_type_notes, cmr_fontan_type, cmr_fontan_type_notes, cmr_fontan_fen, cmr_outside, cmr_pt_bp_le_dias, cmr_pt_bp_le_mean, cmr_pt_bp_le_sys, cmr_pt_bp_ue_dias, cmr_pt_bp_ue_mean, cmr_pt_bp_ue_sys, cmr_pt_bsa, cmr_pt_bsa_rpt, cmr_pt_hct, cmr_pt_height, cmr_pt_hr, cmr_pt_weight, cmr_report_artifact_notes, cmr_report_notes, cmr_sedation, cmr_tesla, cmr_tesla_notes, cmr_vendor, cmr_vendor_notes, cmr_ambra, cmr_ambra_tech_issue, cmr_contour, cmr_fxn_notes, cmr_lge, cmr_lge_location___larger_systemic_ventricle_includes_ventricular_septum, cmr_lge_location___other, cmr_lge_location___papillary_muscles, cmr_lge_location___prior_sano_conduit_insertion_site, cmr_lge_location___septal_insertion_site, cmr_lge_location___small_systemic_ventricle, cmr_lge_location___subendocardial_fibroelastosis, cmr_lge_location___unable_to_determine, cmr_lge_notes, cmr_lge_perform, cmr_lv_edv, cmr_lv_ef, cmr_lv_esv, cmr_lv_mass, cmr_lv_mvr, cmr_lv_sv, cmr_sv_mass_height27, cmr_rv_edv, cmr_rv_ef, cmr_rv_esv, cmr_rv_mass, cmr_rv_mvr, cmr_rv_sv, cmr_strain_gcs_2v, cmr_strain_gcs_phase, cmr_strain_gcsr_2v, cmr_strain_gls_2v, cmr_strain_gls_phase, cmr_strain_glsr_2v, cmr_strain_grs_2v, cmr_strain_grsr_2v, cmr_sv_edv, cmr_sv_edv_bsa1, cmr_sv_edv_bsa13, cmr_sv_ef, cmr_sv_esv, cmr_sv_esv_bsa1, cmr_sv_esv_bsa13, cmr_sv_mass, cmr_sv_mass_bsa1, cmr_sv_mass_bsa13, cmr_sv_mvr, cmr_sv_mvr_bsa1, cmr_sv_mvr_bsa13, cmr_sv_sv, cmr_sv_sv_bsa1, cmr_sv_sv_bsa13, cmr_vent_systemic_circ, cmr_mass_height27, cmr_ecv_mean, cmr_ecv_sd, cmr_o2_sat, cmr_t1_mean, cmr_t1_sd, cmr_flow_diff_rpa, cmr_flow_diff_lpa, cmr_dim_aao1, cmr_dim_aao2, cmr_dim_lpa1, cmr_dim_lpa2, cmr_dim_rpa1, cmr_dim_rpa2, cmr_dim_ao_is1, cmr_dim_ao_is2, cmr_dim_ao_arch_distal_trans1, cmr_dim_ao_arch_distal_trans2, cmr_dim_ao_desc1, cmr_dim_ao_desc2, cmr_dim_neoao_root1, cmr_dim_neoao_root2, cmr_dim_ao_valve_annulus1, cmr_dim_ao_valve_annulus2, cmr_dim_neoao_valve_annulus1, cmr_dim_neoao_valve_annulus2, cmr_dim_ao_arch_prox_trans1, cmr_dim_ao_arch_prox_trans2, cmr_dim_tri_valve_annulus_lat1, cmr_dim_mitral_valve_annulus_lat1, cmr_dim_tri_valve_annulus_antpos1, cmr_dim_mitral_valve_annulus_antpos1, cmr_dim_commonav_valve_annulus_lat1, cmr_dim_ao_root_sa1, cmr_sequence_notes, cmr_dim_ao_root_antpos1, cmr_dim_ao_root_trans1, cmr_exam_reason) VALUES ('P0006', 'recently', '2010-06-22', 'against', 0, 'do', 77.9, 14.16, 36.86, 71.43, 17.83, 21.77, 67.6, 86.13, 19.06, 45.09, 62.41, 53.61, 77.03, 'sometimes', 'raise', 24.7, 1.94, 87.18, 9.77, 63.73, 50.51, 43.31, 99.9, 65.86, 1, 'institution', 27, 1, 'kitchen', 'return', 54.73, 'whose', 61.38, 85.29, 30.68, 77.11, 91.69, 3.28, 76.91, 92.46, 1.91, 87.6, 70.4, 88.87, 1, 0, 0, 1, 0, 0, 0, 1, 1, 0, 0, 0, 'scene', 'somebody', 'available', 'ability', 0, 58.66, 87.68, 68.05, 46.67, 71.13, 8.37, 9.04, 44.43, 27.57, 44.52, 70, 76.96, 'meeting', 'vote', 0, 34.96, 'at', 'car', 'eye', 1, 'computer', 0, 'hope', 1, 'better', 'dinner', 'open', 'seek', 'suggest', 'bed', 'explain', 'growth', 'detail', 1, 79.11, 96.55, 98.0, 27.23, 39.0, 39.51, 16.86, 12.36, 16.23, 71.89, 39.67, 91.94, 43.71, 21.45, 56, 17.68, 18.65, 100, 32.83, 63.87, 43.21, 55.8, 81.44, 47.67, 64.88, 79.24, 99.86, 40.31, 50.48, 63.21, 95.6, 83.25, 53.43, 37.38, 37.37, 66.72, 43.69, 'suggest', 13.89, 75.13, 42.42, 69.6, 52.73, 62.96, 79.28, 37.19, 64.24, 87.54, 66.22, 64.18, 15.08, 9.38, 10.3, 29.89, 77.81, 7.65, 14.88, 77.75, 89.56, 87.22, 26.75, 89.6, 8.93, 3.29, 97.6, 91.17, 23.26, 10.39, 35.95, 22.11, 14.66, 21.79, 'poor', 4.94, 98.47, 'artist');
INSERT INTO cmr (mrn, event_id, cmr_date, cmr_report, cmr_apc, cmr_apc_notes, cmr_flow_asc_ao, cmr_flow_avv, cmr_flow_avv_mitral, cmr_flow_avv_tri, cmr_flow_desc_ao, cmr_flow_fontan, cmr_flow_ivc, cmr_flow_lpa, cmr_flow_lpv, cmr_flow_lsvc, cmr_flow_native_ao, cmr_flow_neo_ao, cmr_flow_qpqs, cmr_flow_qpqs_method, cmr_flow_qpqs_method_notes, cmr_flow_rf_ao, cmr_flow_rf_mv, cmr_flow_rf_pa, cmr_flow_rf_tv, cmr_flow_rpa, cmr_flow_rpv, cmr_flow_rsvc, cmr_regurg_avv, cmr_regurg_slv, cmr_vvc, cmr_vvc_notes, cmr_age_at_cmr, cmr_not_fontan, cmr_technique, cmr_anatomy_notes, cmr_bmi, cmr_contrast, cmr_contrast_agent_dose_ferumoxytol, cmr_contrast_agent_dose_gadobenate, cmr_contrast_agent_dose_gadobutrol, cmr_contrast_agent_dose_gadodiamide, cmr_contrast_agent_dose_gadofosveset, cmr_contrast_agent_dose_gadopentetate, cmr_contrast_agent_dose_gadoteric, cmr_contrast_agent_dose_gadoteridol, cmr_contrast_agent_dose_gadoversetamide, cmr_contrast_agent_dose_gadoxetic, cmr_contrast_agent_dose_other, cmr_contrast_agent_dose_unknown, cmr_contrast_agent_type___ferumoxytol_feraheme, cmr_contrast_agent_type___gadobenate_dimeglumine_multihance, cmr_contrast_agent_type___gadobutrol_gadavist_gadovist, cmr_contrast_agent_type___gadodiamide_omniscan, cmr_contrast_agent_type___gadofosveset_trisodium_ablavar_vasovist, cmr_contrast_agent_type___gadolinium_unknown, cmr_contrast_agent_type___gadopentetate_dimeglumine_magnevist, cmr_contrast_agent_type___gadoteric_acid_gadoterate_meglumine_dotarem_artirem, cmr_contrast_agent_type___gadoteridol_prohance, cmr_contrast_agent_type___gadoversetamide_optimark, cmr_contrast_agent_type___gadoxetic_acid_gadoxetate_eovist, cmr_contrast_agent_type___other, cmr_contrast_agent_type_notes, cmr_fontan_type, cmr_fontan_type_notes, cmr_fontan_fen, cmr_outside, cmr_pt_bp_le_dias, cmr_pt_bp_le_mean, cmr_pt_bp_le_sys, cmr_pt_bp_ue_dias, cmr_pt_bp_ue_mean, cmr_pt_bp_ue_sys, cmr_pt_bsa, cmr_pt_bsa_rpt, cmr_pt_hct, cmr_pt_height, cmr_pt_hr, cmr_pt_weight, cmr_report_artifact_notes, cmr_report_notes, cmr_sedation, cmr_tesla, cmr_tesla_notes, cmr_vendor, cmr_vendor_notes, cmr_ambra, cmr_ambra_tech_issue, cmr_contour, cmr_fxn_notes, cmr_lge, cmr_lge_location___larger_systemic_ventricle_includes_ventricular_septum, cmr_lge_location___other, cmr_lge_location___papillary_muscles, cmr_lge_location___prior_sano_conduit_insertion_site, cmr_lge_location___septal_insertion_site, cmr_lge_location___small_systemic_ventricle, cmr_lge_location___subendocardial_fibroelastosis, cmr_lge_location___unable_to_determine, cmr_lge_notes, cmr_lge_perform, cmr_lv_edv, cmr_lv_ef, cmr_lv_esv, cmr_lv_mass, cmr_lv_mvr, cmr_lv_sv, cmr_sv_mass_height27, cmr_rv_edv, cmr_rv_ef, cmr_rv_esv, cmr_rv_mass, cmr_rv_mvr, cmr_rv_sv, cmr_strain_gcs_2v, cmr_strain_gcs_phase, cmr_strain_gcsr_2v, cmr_strain_gls_2v, cmr_strain_gls_phase, cmr_strain_glsr_2v, cmr_strain_grs_2v, cmr_strain_grsr_2v, cmr_sv_edv, cmr_sv_edv_bsa1, cmr_sv_edv_bsa13, cmr_sv_ef, cmr_sv_esv, cmr_sv_esv_bsa1, cmr_sv_esv_bsa13, cmr_sv_mass, cmr_sv_mass_bsa1, cmr_sv_mass_bsa13, cmr_sv_mvr, cmr_sv_mvr_bsa1, cmr_sv_mvr_bsa13, cmr_sv_sv, cmr_sv_sv_bsa1, cmr_sv_sv_bsa13, cmr_vent_systemic_circ, cmr_mass_height27, cmr_ecv_mean, cmr_ecv_sd, cmr_o2_sat, cmr_t1_mean, cmr_t1_sd, cmr_flow_diff_rpa, cmr_flow_diff_lpa, cmr_dim_aao1, cmr_dim_aao2, cmr_dim_lpa1, cmr_dim_lpa2, cmr_dim_rpa1, cmr_dim_rpa2, cmr_dim_ao_is1, cmr_dim_ao_is2, cmr_dim_ao_arch_distal_trans1, cmr_dim_ao_arch_distal_trans2, cmr_dim_ao_desc1, cmr_dim_ao_desc2, cmr_dim_neoao_root1, cmr_dim_neoao_root2, cmr_dim_ao_valve_annulus1, cmr_dim_ao_valve_annulus2, cmr_dim_neoao_valve_annulus1, cmr_dim_neoao_valve_annulus2, cmr_dim_ao_arch_prox_trans1, cmr_dim_ao_arch_prox_trans2, cmr_dim_tri_valve_annulus_lat1, cmr_dim_mitral_valve_annulus_lat1, cmr_dim_tri_valve_annulus_antpos1, cmr_dim_mitral_valve_annulus_antpos1, cmr_dim_commonav_valve_annulus_lat1, cmr_dim_ao_root_sa1, cmr_sequence_notes, cmr_dim_ao_root_antpos1, cmr_dim_ao_root_trans1, cmr_exam_reason) VALUES ('P0007', 'enjoy', '2008-01-23', 'various', 1, 'relationship', 82.99, 49.42, 55.91, 80.12, 91.85, 64.82, 8.62, 54.9, 97.09, 12.92, 35.97, 20.3, 2.47, 'summer', 'fire', 92.14, 14.24, 50.69, 36.79, 29.88, 57.87, 21.1, 15.26, 26.06, 1, 'picture', 34, 1, 'protect', 'everybody', 8.3, 'all', 22.41, 49.65, 88.66, 53.92, 40.54, 45.26, 17.51, 51.39, 65.19, 25.66, 7.29, 39.48, 1, 1, 1, 1, 0, 0, 0, 0, 0, 0, 1, 0, 'cup', 'environmental', 'material', 'network', 0, 23.93, 27.57, 25.88, 4.64, 41.24, 20.2, 81.32, 76.47, 39.45, 78.29, 52, 68.03, 'so', 'nation', 0, 31.67, 'risk', 'only', 'bed', 0, 'project', 0, 'professional', 1, 'enough', 'how', 'apply', 'mention', 'gun', 'save', 'rich', 'play', 'fill', 1, 2.63, 14.13, 30.67, 30.97, 95.74, 28.02, 47.27, 25.12, 91.56, 48.25, 68.24, 51.5, 71.65, 13.38, 4, 63.57, 40.08, 50, 93.65, 6.85, 2.38, 28.02, 48.49, 29.33, 46.42, 14.66, 96.52, 57.77, 71.31, 76.51, 73.86, 11.15, 61.09, 66.95, 93.34, 85.04, 11.87, 'generation', 40.12, 13.9, 6.44, 79.91, 51.37, 81.05, 84.48, 67.24, 26.97, 2.45, 86.23, 88.14, 62.88, 74.46, 88.06, 32.91, 44.86, 60.92, 27.2, 41.3, 19.82, 4.52, 34.81, 37.2, 9.82, 83.03, 61.02, 35.23, 80.0, 87.99, 62.16, 52.03, 56.94, 43.3, 'decide', 52.52, 62.46, 'son');
INSERT INTO cmr (mrn, event_id, cmr_date, cmr_report, cmr_apc, cmr_apc_notes, cmr_flow_asc_ao, cmr_flow_avv, cmr_flow_avv_mitral, cmr_flow_avv_tri, cmr_flow_desc_ao, cmr_flow_fontan, cmr_flow_ivc, cmr_flow_lpa, cmr_flow_lpv, cmr_flow_lsvc, cmr_flow_native_ao, cmr_flow_neo_ao, cmr_flow_qpqs, cmr_flow_qpqs_method, cmr_flow_qpqs_method_notes, cmr_flow_rf_ao, cmr_flow_rf_mv, cmr_flow_rf_pa, cmr_flow_rf_tv, cmr_flow_rpa, cmr_flow_rpv, cmr_flow_rsvc, cmr_regurg_avv, cmr_regurg_slv, cmr_vvc, cmr_vvc_notes, cmr_age_at_cmr, cmr_not_fontan, cmr_technique, cmr_anatomy_notes, cmr_bmi, cmr_contrast, cmr_contrast_agent_dose_ferumoxytol, cmr_contrast_agent_dose_gadobenate, cmr_contrast_agent_dose_gadobutrol, cmr_contrast_agent_dose_gadodiamide, cmr_contrast_agent_dose_gadofosveset, cmr_contrast_agent_dose_gadopentetate, cmr_contrast_agent_dose_gadoteric, cmr_contrast_agent_dose_gadoteridol, cmr_contrast_agent_dose_gadoversetamide, cmr_contrast_agent_dose_gadoxetic, cmr_contrast_agent_dose_other, cmr_contrast_agent_dose_unknown, cmr_contrast_agent_type___ferumoxytol_feraheme, cmr_contrast_agent_type___gadobenate_dimeglumine_multihance, cmr_contrast_agent_type___gadobutrol_gadavist_gadovist, cmr_contrast_agent_type___gadodiamide_omniscan, cmr_contrast_agent_type___gadofosveset_trisodium_ablavar_vasovist, cmr_contrast_agent_type___gadolinium_unknown, cmr_contrast_agent_type___gadopentetate_dimeglumine_magnevist, cmr_contrast_agent_type___gadoteric_acid_gadoterate_meglumine_dotarem_artirem, cmr_contrast_agent_type___gadoteridol_prohance, cmr_contrast_agent_type___gadoversetamide_optimark, cmr_contrast_agent_type___gadoxetic_acid_gadoxetate_eovist, cmr_contrast_agent_type___other, cmr_contrast_agent_type_notes, cmr_fontan_type, cmr_fontan_type_notes, cmr_fontan_fen, cmr_outside, cmr_pt_bp_le_dias, cmr_pt_bp_le_mean, cmr_pt_bp_le_sys, cmr_pt_bp_ue_dias, cmr_pt_bp_ue_mean, cmr_pt_bp_ue_sys, cmr_pt_bsa, cmr_pt_bsa_rpt, cmr_pt_hct, cmr_pt_height, cmr_pt_hr, cmr_pt_weight, cmr_report_artifact_notes, cmr_report_notes, cmr_sedation, cmr_tesla, cmr_tesla_notes, cmr_vendor, cmr_vendor_notes, cmr_ambra, cmr_ambra_tech_issue, cmr_contour, cmr_fxn_notes, cmr_lge, cmr_lge_location___larger_systemic_ventricle_includes_ventricular_septum, cmr_lge_location___other, cmr_lge_location___papillary_muscles, cmr_lge_location___prior_sano_conduit_insertion_site, cmr_lge_location___septal_insertion_site, cmr_lge_location___small_systemic_ventricle, cmr_lge_location___subendocardial_fibroelastosis, cmr_lge_location___unable_to_determine, cmr_lge_notes, cmr_lge_perform, cmr_lv_edv, cmr_lv_ef, cmr_lv_esv, cmr_lv_mass, cmr_lv_mvr, cmr_lv_sv, cmr_sv_mass_height27, cmr_rv_edv, cmr_rv_ef, cmr_rv_esv, cmr_rv_mass, cmr_rv_mvr, cmr_rv_sv, cmr_strain_gcs_2v, cmr_strain_gcs_phase, cmr_strain_gcsr_2v, cmr_strain_gls_2v, cmr_strain_gls_phase, cmr_strain_glsr_2v, cmr_strain_grs_2v, cmr_strain_grsr_2v, cmr_sv_edv, cmr_sv_edv_bsa1, cmr_sv_edv_bsa13, cmr_sv_ef, cmr_sv_esv, cmr_sv_esv_bsa1, cmr_sv_esv_bsa13, cmr_sv_mass, cmr_sv_mass_bsa1, cmr_sv_mass_bsa13, cmr_sv_mvr, cmr_sv_mvr_bsa1, cmr_sv_mvr_bsa13, cmr_sv_sv, cmr_sv_sv_bsa1, cmr_sv_sv_bsa13, cmr_vent_systemic_circ, cmr_mass_height27, cmr_ecv_mean, cmr_ecv_sd, cmr_o2_sat, cmr_t1_mean, cmr_t1_sd, cmr_flow_diff_rpa, cmr_flow_diff_lpa, cmr_dim_aao1, cmr_dim_aao2, cmr_dim_lpa1, cmr_dim_lpa2, cmr_dim_rpa1, cmr_dim_rpa2, cmr_dim_ao_is1, cmr_dim_ao_is2, cmr_dim_ao_arch_distal_trans1, cmr_dim_ao_arch_distal_trans2, cmr_dim_ao_desc1, cmr_dim_ao_desc2, cmr_dim_neoao_root1, cmr_dim_neoao_root2, cmr_dim_ao_valve_annulus1, cmr_dim_ao_valve_annulus2, cmr_dim_neoao_valve_annulus1, cmr_dim_neoao_valve_annulus2, cmr_dim_ao_arch_prox_trans1, cmr_dim_ao_arch_prox_trans2, cmr_dim_tri_valve_annulus_lat1, cmr_dim_mitral_valve_annulus_lat1, cmr_dim_tri_valve_annulus_antpos1, cmr_dim_mitral_valve_annulus_antpos1, cmr_dim_commonav_valve_annulus_lat1, cmr_dim_ao_root_sa1, cmr_sequence_notes, cmr_dim_ao_root_antpos1, cmr_dim_ao_root_trans1, cmr_exam_reason) VALUES ('P0008', 'great', '2007-02-28', 'statement', 0, 'executive', 43.34, 68.89, 87.46, 27.75, 1.61, 12.23, 46.75, 65.53, 10.15, 23.44, 39.01, 75.46, 87.15, 'your', 'later', 30.44, 20.32, 90.07, 7.35, 93.0, 11.89, 2.24, 98.72, 50.04, 1, 'nor', 73, 0, 'manager', 'live', 65.48, 'least', 17.8, 16.08, 13.02, 19.28, 47.24, 46.34, 62.0, 95.42, 95.08, 96.52, 2.82, 65.93, 1, 1, 0, 0, 1, 0, 0, 1, 0, 0, 1, 0, 'book', 'career', 'position', 'enjoy', 1, 73.92, 59.22, 25.64, 40.93, 88.95, 98.37, 84.18, 98.07, 36.34, 40.11, 67, 91.56, 'relationship', 'score', 0, 86.01, 'open', 'everyone', 'successful', 1, 'game', 1, 'people', 1, 'wide', 'peace', 'two', 'experience', 'wrong', 'move', 'drug', 'wall', 'south', 0, 50.88, 13.45, 78.56, 49.7, 51.03, 4.95, 49.08, 26.15, 53.63, 23.15, 59.99, 43.53, 10.31, 20.14, 83, 65.51, 3.42, 21, 39.47, 31.44, 62.44, 11.65, 27.47, 4.93, 21.36, 46.62, 22.97, 14.63, 69.4, 58.21, 18.92, 52.44, 45.77, 60.58, 2.81, 40.69, 3.46, 'full', 71.58, 57.93, 94.24, 11.46, 18.35, 80.27, 85.46, 81.73, 54.63, 37.22, 21.49, 20.93, 1.61, 10.46, 15.06, 99.39, 28.51, 80.57, 16.74, 40.53, 93.94, 50.15, 24.23, 80.89, 10.9, 17.23, 42.18, 50.51, 88.85, 35.71, 88.52, 25.85, 44.79, 95.26, 'high', 90.31, 72.54, 'degree');
INSERT INTO cmr (mrn, event_id, cmr_date, cmr_report, cmr_apc, cmr_apc_notes, cmr_flow_asc_ao, cmr_flow_avv, cmr_flow_avv_mitral, cmr_flow_avv_tri, cmr_flow_desc_ao, cmr_flow_fontan, cmr_flow_ivc, cmr_flow_lpa, cmr_flow_lpv, cmr_flow_lsvc, cmr_flow_native_ao, cmr_flow_neo_ao, cmr_flow_qpqs, cmr_flow_qpqs_method, cmr_flow_qpqs_method_notes, cmr_flow_rf_ao, cmr_flow_rf_mv, cmr_flow_rf_pa, cmr_flow_rf_tv, cmr_flow_rpa, cmr_flow_rpv, cmr_flow_rsvc, cmr_regurg_avv, cmr_regurg_slv, cmr_vvc, cmr_vvc_notes, cmr_age_at_cmr, cmr_not_fontan, cmr_technique, cmr_anatomy_notes, cmr_bmi, cmr_contrast, cmr_contrast_agent_dose_ferumoxytol, cmr_contrast_agent_dose_gadobenate, cmr_contrast_agent_dose_gadobutrol, cmr_contrast_agent_dose_gadodiamide, cmr_contrast_agent_dose_gadofosveset, cmr_contrast_agent_dose_gadopentetate, cmr_contrast_agent_dose_gadoteric, cmr_contrast_agent_dose_gadoteridol, cmr_contrast_agent_dose_gadoversetamide, cmr_contrast_agent_dose_gadoxetic, cmr_contrast_agent_dose_other, cmr_contrast_agent_dose_unknown, cmr_contrast_agent_type___ferumoxytol_feraheme, cmr_contrast_agent_type___gadobenate_dimeglumine_multihance, cmr_contrast_agent_type___gadobutrol_gadavist_gadovist, cmr_contrast_agent_type___gadodiamide_omniscan, cmr_contrast_agent_type___gadofosveset_trisodium_ablavar_vasovist, cmr_contrast_agent_type___gadolinium_unknown, cmr_contrast_agent_type___gadopentetate_dimeglumine_magnevist, cmr_contrast_agent_type___gadoteric_acid_gadoterate_meglumine_dotarem_artirem, cmr_contrast_agent_type___gadoteridol_prohance, cmr_contrast_agent_type___gadoversetamide_optimark, cmr_contrast_agent_type___gadoxetic_acid_gadoxetate_eovist, cmr_contrast_agent_type___other, cmr_contrast_agent_type_notes, cmr_fontan_type, cmr_fontan_type_notes, cmr_fontan_fen, cmr_outside, cmr_pt_bp_le_dias, cmr_pt_bp_le_mean, cmr_pt_bp_le_sys, cmr_pt_bp_ue_dias, cmr_pt_bp_ue_mean, cmr_pt_bp_ue_sys, cmr_pt_bsa, cmr_pt_bsa_rpt, cmr_pt_hct, cmr_pt_height, cmr_pt_hr, cmr_pt_weight, cmr_report_artifact_notes, cmr_report_notes, cmr_sedation, cmr_tesla, cmr_tesla_notes, cmr_vendor, cmr_vendor_notes, cmr_ambra, cmr_ambra_tech_issue, cmr_contour, cmr_fxn_notes, cmr_lge, cmr_lge_location___larger_systemic_ventricle_includes_ventricular_septum, cmr_lge_location___other, cmr_lge_location___papillary_muscles, cmr_lge_location___prior_sano_conduit_insertion_site, cmr_lge_location___septal_insertion_site, cmr_lge_location___small_systemic_ventricle, cmr_lge_location___subendocardial_fibroelastosis, cmr_lge_location___unable_to_determine, cmr_lge_notes, cmr_lge_perform, cmr_lv_edv, cmr_lv_ef, cmr_lv_esv, cmr_lv_mass, cmr_lv_mvr, cmr_lv_sv, cmr_sv_mass_height27, cmr_rv_edv, cmr_rv_ef, cmr_rv_esv, cmr_rv_mass, cmr_rv_mvr, cmr_rv_sv, cmr_strain_gcs_2v, cmr_strain_gcs_phase, cmr_strain_gcsr_2v, cmr_strain_gls_2v, cmr_strain_gls_phase, cmr_strain_glsr_2v, cmr_strain_grs_2v, cmr_strain_grsr_2v, cmr_sv_edv, cmr_sv_edv_bsa1, cmr_sv_edv_bsa13, cmr_sv_ef, cmr_sv_esv, cmr_sv_esv_bsa1, cmr_sv_esv_bsa13, cmr_sv_mass, cmr_sv_mass_bsa1, cmr_sv_mass_bsa13, cmr_sv_mvr, cmr_sv_mvr_bsa1, cmr_sv_mvr_bsa13, cmr_sv_sv, cmr_sv_sv_bsa1, cmr_sv_sv_bsa13, cmr_vent_systemic_circ, cmr_mass_height27, cmr_ecv_mean, cmr_ecv_sd, cmr_o2_sat, cmr_t1_mean, cmr_t1_sd, cmr_flow_diff_rpa, cmr_flow_diff_lpa, cmr_dim_aao1, cmr_dim_aao2, cmr_dim_lpa1, cmr_dim_lpa2, cmr_dim_rpa1, cmr_dim_rpa2, cmr_dim_ao_is1, cmr_dim_ao_is2, cmr_dim_ao_arch_distal_trans1, cmr_dim_ao_arch_distal_trans2, cmr_dim_ao_desc1, cmr_dim_ao_desc2, cmr_dim_neoao_root1, cmr_dim_neoao_root2, cmr_dim_ao_valve_annulus1, cmr_dim_ao_valve_annulus2, cmr_dim_neoao_valve_annulus1, cmr_dim_neoao_valve_annulus2, cmr_dim_ao_arch_prox_trans1, cmr_dim_ao_arch_prox_trans2, cmr_dim_tri_valve_annulus_lat1, cmr_dim_mitral_valve_annulus_lat1, cmr_dim_tri_valve_annulus_antpos1, cmr_dim_mitral_valve_annulus_antpos1, cmr_dim_commonav_valve_annulus_lat1, cmr_dim_ao_root_sa1, cmr_sequence_notes, cmr_dim_ao_root_antpos1, cmr_dim_ao_root_trans1, cmr_exam_reason) VALUES ('P0009', 'contain', '1986-02-25', 'discuss', 1, 'avoid', 23.86, 71.29, 23.52, 26.7, 44.3, 45.35, 25.69, 89.64, 63.25, 78.47, 6.52, 44.55, 16.09, 'office', 'world', 97.73, 45.04, 37.04, 42.62, 34.11, 70.46, 25.84, 54.17, 28.66, 1, 'be', 34, 1, 'father', 'source', 11.78, 'our', 79.77, 7.06, 25.5, 71.98, 66.59, 46.67, 29.7, 28.09, 6.59, 12.81, 15.77, 65.13, 0, 1, 0, 1, 0, 0, 0, 0, 1, 0, 0, 1, 'issue', 'decision', 'usually', 'three', 1, 9.82, 46.91, 53.44, 49.8, 8.4, 57.7, 15.72, 96.35, 89.59, 78.2, 93, 55.54, 'small', 'benefit', 1, 17.1, 'where', 'its', 'meeting', 1, 'material', 0, 'staff', 1, 'focus', 'voice', 'relate', 'suddenly', 'on', 'guess', 'growth', 'play', 'history', 1, 53.88, 91.5, 72.88, 93.16, 57.16, 75.85, 40.67, 76.6, 61.48, 2.01, 96.44, 5.95, 16.07, 7.12, 40, 76.62, 55.37, 25, 68.07, 29.56, 66.52, 43.65, 95.42, 1.21, 75.79, 80.95, 81.3, 93.48, 81.95, 52.52, 42.09, 26.31, 60.34, 27.92, 91.54, 19.77, 93.75, 'foreign', 83.25, 92.92, 9.21, 67.23, 44.04, 86.64, 7.44, 9.89, 10.83, 85.84, 6.03, 31.4, 68.06, 75.51, 34.11, 43.72, 66.72, 32.6, 22.02, 25.83, 17.15, 51.5, 94.12, 92.66, 78.05, 49.66, 9.63, 40.92, 98.45, 62.1, 79.85, 67.44, 87.22, 76.7, 'give', 35.79, 66.44, 'many');
INSERT INTO cmr (mrn, event_id, cmr_date, cmr_report, cmr_apc, cmr_apc_notes, cmr_flow_asc_ao, cmr_flow_avv, cmr_flow_avv_mitral, cmr_flow_avv_tri, cmr_flow_desc_ao, cmr_flow_fontan, cmr_flow_ivc, cmr_flow_lpa, cmr_flow_lpv, cmr_flow_lsvc, cmr_flow_native_ao, cmr_flow_neo_ao, cmr_flow_qpqs, cmr_flow_qpqs_method, cmr_flow_qpqs_method_notes, cmr_flow_rf_ao, cmr_flow_rf_mv, cmr_flow_rf_pa, cmr_flow_rf_tv, cmr_flow_rpa, cmr_flow_rpv, cmr_flow_rsvc, cmr_regurg_avv, cmr_regurg_slv, cmr_vvc, cmr_vvc_notes, cmr_age_at_cmr, cmr_not_fontan, cmr_technique, cmr_anatomy_notes, cmr_bmi, cmr_contrast, cmr_contrast_agent_dose_ferumoxytol, cmr_contrast_agent_dose_gadobenate, cmr_contrast_agent_dose_gadobutrol, cmr_contrast_agent_dose_gadodiamide, cmr_contrast_agent_dose_gadofosveset, cmr_contrast_agent_dose_gadopentetate, cmr_contrast_agent_dose_gadoteric, cmr_contrast_agent_dose_gadoteridol, cmr_contrast_agent_dose_gadoversetamide, cmr_contrast_agent_dose_gadoxetic, cmr_contrast_agent_dose_other, cmr_contrast_agent_dose_unknown, cmr_contrast_agent_type___ferumoxytol_feraheme, cmr_contrast_agent_type___gadobenate_dimeglumine_multihance, cmr_contrast_agent_type___gadobutrol_gadavist_gadovist, cmr_contrast_agent_type___gadodiamide_omniscan, cmr_contrast_agent_type___gadofosveset_trisodium_ablavar_vasovist, cmr_contrast_agent_type___gadolinium_unknown, cmr_contrast_agent_type___gadopentetate_dimeglumine_magnevist, cmr_contrast_agent_type___gadoteric_acid_gadoterate_meglumine_dotarem_artirem, cmr_contrast_agent_type___gadoteridol_prohance, cmr_contrast_agent_type___gadoversetamide_optimark, cmr_contrast_agent_type___gadoxetic_acid_gadoxetate_eovist, cmr_contrast_agent_type___other, cmr_contrast_agent_type_notes, cmr_fontan_type, cmr_fontan_type_notes, cmr_fontan_fen, cmr_outside, cmr_pt_bp_le_dias, cmr_pt_bp_le_mean, cmr_pt_bp_le_sys, cmr_pt_bp_ue_dias, cmr_pt_bp_ue_mean, cmr_pt_bp_ue_sys, cmr_pt_bsa, cmr_pt_bsa_rpt, cmr_pt_hct, cmr_pt_height, cmr_pt_hr, cmr_pt_weight, cmr_report_artifact_notes, cmr_report_notes, cmr_sedation, cmr_tesla, cmr_tesla_notes, cmr_vendor, cmr_vendor_notes, cmr_ambra, cmr_ambra_tech_issue, cmr_contour, cmr_fxn_notes, cmr_lge, cmr_lge_location___larger_systemic_ventricle_includes_ventricular_septum, cmr_lge_location___other, cmr_lge_location___papillary_muscles, cmr_lge_location___prior_sano_conduit_insertion_site, cmr_lge_location___septal_insertion_site, cmr_lge_location___small_systemic_ventricle, cmr_lge_location___subendocardial_fibroelastosis, cmr_lge_location___unable_to_determine, cmr_lge_notes, cmr_lge_perform, cmr_lv_edv, cmr_lv_ef, cmr_lv_esv, cmr_lv_mass, cmr_lv_mvr, cmr_lv_sv, cmr_sv_mass_height27, cmr_rv_edv, cmr_rv_ef, cmr_rv_esv, cmr_rv_mass, cmr_rv_mvr, cmr_rv_sv, cmr_strain_gcs_2v, cmr_strain_gcs_phase, cmr_strain_gcsr_2v, cmr_strain_gls_2v, cmr_strain_gls_phase, cmr_strain_glsr_2v, cmr_strain_grs_2v, cmr_strain_grsr_2v, cmr_sv_edv, cmr_sv_edv_bsa1, cmr_sv_edv_bsa13, cmr_sv_ef, cmr_sv_esv, cmr_sv_esv_bsa1, cmr_sv_esv_bsa13, cmr_sv_mass, cmr_sv_mass_bsa1, cmr_sv_mass_bsa13, cmr_sv_mvr, cmr_sv_mvr_bsa1, cmr_sv_mvr_bsa13, cmr_sv_sv, cmr_sv_sv_bsa1, cmr_sv_sv_bsa13, cmr_vent_systemic_circ, cmr_mass_height27, cmr_ecv_mean, cmr_ecv_sd, cmr_o2_sat, cmr_t1_mean, cmr_t1_sd, cmr_flow_diff_rpa, cmr_flow_diff_lpa, cmr_dim_aao1, cmr_dim_aao2, cmr_dim_lpa1, cmr_dim_lpa2, cmr_dim_rpa1, cmr_dim_rpa2, cmr_dim_ao_is1, cmr_dim_ao_is2, cmr_dim_ao_arch_distal_trans1, cmr_dim_ao_arch_distal_trans2, cmr_dim_ao_desc1, cmr_dim_ao_desc2, cmr_dim_neoao_root1, cmr_dim_neoao_root2, cmr_dim_ao_valve_annulus1, cmr_dim_ao_valve_annulus2, cmr_dim_neoao_valve_annulus1, cmr_dim_neoao_valve_annulus2, cmr_dim_ao_arch_prox_trans1, cmr_dim_ao_arch_prox_trans2, cmr_dim_tri_valve_annulus_lat1, cmr_dim_mitral_valve_annulus_lat1, cmr_dim_tri_valve_annulus_antpos1, cmr_dim_mitral_valve_annulus_antpos1, cmr_dim_commonav_valve_annulus_lat1, cmr_dim_ao_root_sa1, cmr_sequence_notes, cmr_dim_ao_root_antpos1, cmr_dim_ao_root_trans1, cmr_exam_reason) VALUES ('P0010', 'that', '1998-02-18', 'out', 1, 'keep', 78.26, 33.56, 7.35, 86.38, 49.35, 83.29, 83.3, 10.25, 78.82, 56.16, 6.13, 63.28, 9.46, 'away', 'task', 4.68, 35.76, 62.45, 10.0, 71.57, 47.25, 32.18, 41.37, 78.46, 0, 'movement', 34, 0, 'never', 'individual', 55.28, 'first', 37.41, 64.99, 70.53, 31.03, 84.24, 85.59, 41.2, 9.04, 60.18, 14.12, 63.03, 81.5, 1, 1, 1, 0, 0, 0, 0, 1, 0, 0, 0, 1, 'TV', 'knowledge', 'public', 'language', 1, 26.44, 95.04, 16.52, 72.73, 16.97, 57.38, 69.85, 91.59, 55.9, 84.94, 51, 59.19, 'professor', 'recognize', 1, 11.34, 'role', 'hand', 'chance', 0, 'far', 1, 'pass', 0, 'event', 'understand', 'ready', 'small', 'development', 'power', 'deal', 'fall', 'physical', 0, 1.29, 69.86, 33.57, 59.26, 11.81, 38.61, 35.86, 7.82, 71.13, 7.9, 24.86, 9.89, 23.01, 43.15, 19, 99.6, 1.59, 61, 51.52, 55.26, 43.47, 78.49, 3.07, 50.52, 63.56, 53.7, 40.91, 91.89, 46.67, 87.79, 55.37, 23.05, 23.45, 2.63, 90.64, 90.33, 84.16, 'few', 41.64, 65.38, 56.15, 10.07, 60.48, 99.31, 90.81, 69.71, 37.26, 80.86, 7.19, 69.1, 56.18, 31.62, 24.54, 97.85, 8.93, 89.98, 41.35, 90.17, 18.32, 2.86, 38.73, 1.26, 98.38, 88.72, 99.5, 3.75, 68.77, 48.74, 70.72, 70.47, 71.86, 66.04, 'also', 15.73, 7.98, 'arm');
INSERT INTO cath (mrn, event_id, cath_date, cath_press_fontan, cath_press_sysvent, cath_press_lpa_dist, cath_press_lpa_atrial, cath_press_rpa_dist, cath_press_rpa_atrial, cath_pvr, cath_ci, cath_qpqs, cath_sat, cath_interven_notes, cath_report_notes, cath_interven___no_interventions, cath_interven___fontan_fenestration_closure, cath_interven___fontan_fenestration_creation, cath_interven___apc_coil_occ_or_gel, cath_interven___vvc_coil_occ_or_gel, cath_interven___bpa_balloon_dilation_or_stent, cath_interven___pulmonary_vein_balloon_dilation_or_stenting, cath_interven___fontan_svc_ivc_balloon_dilation_or_stent, cath_interven___asc_ao_or_stansel_balloon_dilation_or_stent, cath_interven___trans_arch_or_ao_isth_balloon_dilation_or_stent, cath_interven___other_intervention) VALUES ('P0001', 84, '1971-05-26', 4.68, 10.25, 57.93, 94.27, 88.53, 90.3, 96.81, 75.8, 69.02, 91.21, 'treat', 'range', 1, 0, 1, 1, 0, 0, 0, 0, 0, 1, 0);
INSERT INTO cath (mrn, event_id, cath_date, cath_press_fontan, cath_press_sysvent, cath_press_lpa_dist, cath_press_lpa_atrial, cath_press_rpa_dist, cath_press_rpa_atrial, cath_pvr, cath_ci, cath_qpqs, cath_sat, cath_interven_notes, cath_report_notes, cath_interven___no_interventions, cath_interven___fontan_fenestration_closure, cath_interven___fontan_fenestration_creation, cath_interven___apc_coil_occ_or_gel, cath_interven___vvc_coil_occ_or_gel, cath_interven___bpa_balloon_dilation_or_stent, cath_interven___pulmonary_vein_balloon_dilation_or_stenting, cath_interven___fontan_svc_ivc_balloon_dilation_or_stent, cath_interven___asc_ao_or_stansel_balloon_dilation_or_stent, cath_interven___trans_arch_or_ao_isth_balloon_dilation_or_stent, cath_interven___other_intervention) VALUES ('P0002', 76, '1972-04-01', 59.03, 11.43, 44.33, 91.43, 79.67, 72.97, 58.67, 67.64, 60.56, 51.11, 'true', 'among', 1, 0, 0, 1, 0, 1, 0, 0, 0, 1, 0);
INSERT INTO cath (mrn, event_id, cath_date, cath_press_fontan, cath_press_sysvent, cath_press_lpa_dist, cath_press_lpa_atrial, cath_press_rpa_dist, cath_press_rpa_atrial, cath_pvr, cath_ci, cath_qpqs, cath_sat, cath_interven_notes, cath_report_notes, cath_interven___no_interventions, cath_interven___fontan_fenestration_closure, cath_interven___fontan_fenestration_creation, cath_interven___apc_coil_occ_or_gel, cath_interven___vvc_coil_occ_or_gel, cath_interven___bpa_balloon_dilation_or_stent, cath_interven___pulmonary_vein_balloon_dilation_or_stenting, cath_interven___fontan_svc_ivc_balloon_dilation_or_stent, cath_interven___asc_ao_or_stansel_balloon_dilation_or_stent, cath_interven___trans_arch_or_ao_isth_balloon_dilation_or_stent, cath_interven___other_intervention) VALUES ('P0003', 50, '2018-07-07', 76.97, 9.41, 45.33, 43.46, 41.41, 98.08, 77.9, 84.36, 30.55, 52.92, 'majority', 'city', 1, 0, 0, 1, 0, 0, 1, 1, 0, 1, 1);
INSERT INTO cath (mrn, event_id, cath_date, cath_press_fontan, cath_press_sysvent, cath_press_lpa_dist, cath_press_lpa_atrial, cath_press_rpa_dist, cath_press_rpa_atrial, cath_pvr, cath_ci, cath_qpqs, cath_sat, cath_interven_notes, cath_report_notes, cath_interven___no_interventions, cath_interven___fontan_fenestration_closure, cath_interven___fontan_fenestration_creation, cath_interven___apc_coil_occ_or_gel, cath_interven___vvc_coil_occ_or_gel, cath_interven___bpa_balloon_dilation_or_stent, cath_interven___pulmonary_vein_balloon_dilation_or_stenting, cath_interven___fontan_svc_ivc_balloon_dilation_or_stent, cath_interven___asc_ao_or_stansel_balloon_dilation_or_stent, cath_interven___trans_arch_or_ao_isth_balloon_dilation_or_stent, cath_interven___other_intervention) VALUES ('P0004', 16, '1988-03-10', 58.62, 55.86, 52.61, 3.79, 68.01, 27.38, 82.93, 18.79, 70.46, 17.41, 'prepare', 'record', 0, 0, 0, 1, 1, 0, 0, 1, 0, 0, 1);
INSERT INTO cath (mrn, event_id, cath_date, cath_press_fontan, cath_press_sysvent, cath_press_lpa_dist, cath_press_lpa_atrial, cath_press_rpa_dist, cath_press_rpa_atrial, cath_pvr, cath_ci, cath_qpqs, cath_sat, cath_interven_notes, cath_report_notes, cath_interven___no_interventions, cath_interven___fontan_fenestration_closure, cath_interven___fontan_fenestration_creation, cath_interven___apc_coil_occ_or_gel, cath_interven___vvc_coil_occ_or_gel, cath_interven___bpa_balloon_dilation_or_stent, cath_interven___pulmonary_vein_balloon_dilation_or_stenting, cath_interven___fontan_svc_ivc_balloon_dilation_or_stent, cath_interven___asc_ao_or_stansel_balloon_dilation_or_stent, cath_interven___trans_arch_or_ao_isth_balloon_dilation_or_stent, cath_interven___other_intervention) VALUES ('P0005', 54, '2014-08-02', 68.0, 3.7, 7.65, 32.72, 12.59, 12.73, 88.17, 37.11, 73.1, 56.5, 'voice', 'spend', 1, 1, 1, 1, 1, 0, 1, 1, 1, 0, 0);
INSERT INTO cath (mrn, event_id, cath_date, cath_press_fontan, cath_press_sysvent, cath_press_lpa_dist, cath_press_lpa_atrial, cath_press_rpa_dist, cath_press_rpa_atrial, cath_pvr, cath_ci, cath_qpqs, cath_sat, cath_interven_notes, cath_report_notes, cath_interven___no_interventions, cath_interven___fontan_fenestration_closure, cath_interven___fontan_fenestration_creation, cath_interven___apc_coil_occ_or_gel, cath_interven___vvc_coil_occ_or_gel, cath_interven___bpa_balloon_dilation_or_stent, cath_interven___pulmonary_vein_balloon_dilation_or_stenting, cath_interven___fontan_svc_ivc_balloon_dilation_or_stent, cath_interven___asc_ao_or_stansel_balloon_dilation_or_stent, cath_interven___trans_arch_or_ao_isth_balloon_dilation_or_stent, cath_interven___other_intervention) VALUES ('P0006', 44, '1994-08-31', 20.47, 26.93, 15.78, 87.13, 54.97, 27.39, 64.67, 97.84, 53.07, 92.75, 'price', 'score', 0, 1, 1, 0, 1, 0, 1, 1, 1, 1, 1);
INSERT INTO cath (mrn, event_id, cath_date, cath_press_fontan, cath_press_sysvent, cath_press_lpa_dist, cath_press_lpa_atrial, cath_press_rpa_dist, cath_press_rpa_atrial, cath_pvr, cath_ci, cath_qpqs, cath_sat, cath_interven_notes, cath_report_notes, cath_interven___no_interventions, cath_interven___fontan_fenestration_closure, cath_interven___fontan_fenestration_creation, cath_interven___apc_coil_occ_or_gel, cath_interven___vvc_coil_occ_or_gel, cath_interven___bpa_balloon_dilation_or_stent, cath_interven___pulmonary_vein_balloon_dilation_or_stenting, cath_interven___fontan_svc_ivc_balloon_dilation_or_stent, cath_interven___asc_ao_or_stansel_balloon_dilation_or_stent, cath_interven___trans_arch_or_ao_isth_balloon_dilation_or_stent, cath_interven___other_intervention) VALUES ('P0007', 77, '1991-03-17', 49.85, 84.58, 17.21, 60.25, 38.87, 65.22, 43.43, 66.37, 45.89, 90.6, 'five', 'dark', 0, 0, 0, 1, 0, 0, 1, 0, 0, 1, 0);
INSERT INTO cath (mrn, event_id, cath_date, cath_press_fontan, cath_press_sysvent, cath_press_lpa_dist, cath_press_lpa_atrial, cath_press_rpa_dist, cath_press_rpa_atrial, cath_pvr, cath_ci, cath_qpqs, cath_sat, cath_interven_notes, cath_report_notes, cath_interven___no_interventions, cath_interven___fontan_fenestration_closure, cath_interven___fontan_fenestration_creation, cath_interven___apc_coil_occ_or_gel, cath_interven___vvc_coil_occ_or_gel, cath_interven___bpa_balloon_dilation_or_stent, cath_interven___pulmonary_vein_balloon_dilation_or_stenting, cath_interven___fontan_svc_ivc_balloon_dilation_or_stent, cath_interven___asc_ao_or_stansel_balloon_dilation_or_stent, cath_interven___trans_arch_or_ao_isth_balloon_dilation_or_stent, cath_interven___other_intervention) VALUES ('P0008', 39, '2008-08-21', 64.31, 68.62, 9.29, 36.46, 5.43, 53.82, 77.39, 11.22, 81.5, 65.69, 'together', 'me', 1, 1, 0, 1, 0, 1, 1, 0, 1, 0, 0);
INSERT INTO cath (mrn, event_id, cath_date, cath_press_fontan, cath_press_sysvent, cath_press_lpa_dist, cath_press_lpa_atrial, cath_press_rpa_dist, cath_press_rpa_atrial, cath_pvr, cath_ci, cath_qpqs, cath_sat, cath_interven_notes, cath_report_notes, cath_interven___no_interventions, cath_interven___fontan_fenestration_closure, cath_interven___fontan_fenestration_creation, cath_interven___apc_coil_occ_or_gel, cath_interven___vvc_coil_occ_or_gel, cath_interven___bpa_balloon_dilation_or_stent, cath_interven___pulmonary_vein_balloon_dilation_or_stenting, cath_interven___fontan_svc_ivc_balloon_dilation_or_stent, cath_interven___asc_ao_or_stansel_balloon_dilation_or_stent, cath_interven___trans_arch_or_ao_isth_balloon_dilation_or_stent, cath_interven___other_intervention) VALUES ('P0009', 64, '2013-11-03', 62.9, 80.13, 46.43, 26.97, 4.69, 39.29, 49.11, 26.23, 84.12, 66.45, 'month', 'offer', 0, 0, 0, 1, 0, 0, 1, 1, 0, 0, 1);
INSERT INTO cath (mrn, event_id, cath_date, cath_press_fontan, cath_press_sysvent, cath_press_lpa_dist, cath_press_lpa_atrial, cath_press_rpa_dist, cath_press_rpa_atrial, cath_pvr, cath_ci, cath_qpqs, cath_sat, cath_interven_notes, cath_report_notes, cath_interven___no_interventions, cath_interven___fontan_fenestration_closure, cath_interven___fontan_fenestration_creation, cath_interven___apc_coil_occ_or_gel, cath_interven___vvc_coil_occ_or_gel, cath_interven___bpa_balloon_dilation_or_stent, cath_interven___pulmonary_vein_balloon_dilation_or_stenting, cath_interven___fontan_svc_ivc_balloon_dilation_or_stent, cath_interven___asc_ao_or_stansel_balloon_dilation_or_stent, cath_interven___trans_arch_or_ao_isth_balloon_dilation_or_stent, cath_interven___other_intervention) VALUES ('P0010', 47, '2002-04-27', 39.73, 72.15, 65.53, 30.34, 4.99, 93.5, 17.91, 84.44, 6.48, 11.01, 'theory', 'factor', 1, 1, 1, 1, 0, 1, 0, 1, 0, 1, 1);
INSERT INTO echo (mrn, event_id, echo_date, echo_avvr, echo_avvs, echo_avvs_mg, echo_avvs_hr, echo_slvr, echo_slvs, echo_slvs_mig, echo_slvs_mg, echo_fen_patent, echo_fen_patent_mg, echo_obst_arch, echo_obst_arch_mig, echo_obst_pv, echo_obst_pv_notes, echo_obst_fontan, echo_obst_fontan_notes, echo_obst_branchpa, echo_obst_branchpa_notes, echo_thrombus, echo_thrombus_notes, echo_report_notes, echo_sys_func) VALUES ('P0001', 92, '1983-04-20', 27.61, 1, 76.13, 73, 75.07, 0, 48.01, 78.94, 0, 6.62, 0, 16.53, 1, 'how', 0, 'pass', 0, 'poor', 1, 'as', 'share', 'president');
INSERT INTO echo (mrn, event_id, echo_date, echo_avvr, echo_avvs, echo_avvs_mg, echo_avvs_hr, echo_slvr, echo_slvs, echo_slvs_mig, echo_slvs_mg, echo_fen_patent, echo_fen_patent_mg, echo_obst_arch, echo_obst_arch_mig, echo_obst_pv, echo_obst_pv_notes, echo_obst_fontan, echo_obst_fontan_notes, echo_obst_branchpa, echo_obst_branchpa_notes, echo_thrombus, echo_thrombus_notes, echo_report_notes, echo_sys_func) VALUES ('P0002', 22, '1998-06-27', 81.77, 1, 38.13, 32, 72.84, 0, 36.8, 58.77, 0, 90.91, 1, 17.76, 0, 'around', 1, 'growth', 1, 'perhaps', 0, 'start', 'purpose', 'attention');
INSERT INTO echo (mrn, event_id, echo_date, echo_avvr, echo_avvs, echo_avvs_mg, echo_avvs_hr, echo_slvr, echo_slvs, echo_slvs_mig, echo_slvs_mg, echo_fen_patent, echo_fen_patent_mg, echo_obst_arch, echo_obst_arch_mig, echo_obst_pv, echo_obst_pv_notes, echo_obst_fontan, echo_obst_fontan_notes, echo_obst_branchpa, echo_obst_branchpa_notes, echo_thrombus, echo_thrombus_notes, echo_report_notes, echo_sys_func) VALUES ('P0003', 34, '1983-06-14', 57.52, 0, 81.55, 31, 70.63, 1, 95.57, 13.35, 0, 49.47, 0, 31.86, 1, 'operation', 1, 'base', 0, 'sound', 1, 'need', 'firm', 'season');
INSERT INTO echo (mrn, event_id, echo_date, echo_avvr, echo_avvs, echo_avvs_mg, echo_avvs_hr, echo_slvr, echo_slvs, echo_slvs_mig, echo_slvs_mg, echo_fen_patent, echo_fen_patent_mg, echo_obst_arch, echo_obst_arch_mig, echo_obst_pv, echo_obst_pv_notes, echo_obst_fontan, echo_obst_fontan_notes, echo_obst_branchpa, echo_obst_branchpa_notes, echo_thrombus, echo_thrombus_notes, echo_report_notes, echo_sys_func) VALUES ('P0004', 99, '1993-11-17', 88.64, 1, 63.2, 59, 29.58, 1, 80.17, 42.11, 0, 85.74, 0, 63.4, 0, 'tonight', 0, 'peace', 1, 'religious', 0, 'international', 'sense', 'conference');
INSERT INTO echo (mrn, event_id, echo_date, echo_avvr, echo_avvs, echo_avvs_mg, echo_avvs_hr, echo_slvr, echo_slvs, echo_slvs_mig, echo_slvs_mg, echo_fen_patent, echo_fen_patent_mg, echo_obst_arch, echo_obst_arch_mig, echo_obst_pv, echo_obst_pv_notes, echo_obst_fontan, echo_obst_fontan_notes, echo_obst_branchpa, echo_obst_branchpa_notes, echo_thrombus, echo_thrombus_notes, echo_report_notes, echo_sys_func) VALUES ('P0005', 56, '1982-01-15', 62.26, 1, 14.22, 1, 52.08, 1, 19.57, 78.96, 1, 80.49, 0, 10.28, 1, 'budget', 1, 'exactly', 0, 'where', 1, 'open', 'service', 'leader');
INSERT INTO echo (mrn, event_id, echo_date, echo_avvr, echo_avvs, echo_avvs_mg, echo_avvs_hr, echo_slvr, echo_slvs, echo_slvs_mig, echo_slvs_mg, echo_fen_patent, echo_fen_patent_mg, echo_obst_arch, echo_obst_arch_mig, echo_obst_pv, echo_obst_pv_notes, echo_obst_fontan, echo_obst_fontan_notes, echo_obst_branchpa, echo_obst_branchpa_notes, echo_thrombus, echo_thrombus_notes, echo_report_notes, echo_sys_func) VALUES ('P0006', 11, '2015-06-17', 91.56, 1, 17.49, 24, 76.08, 0, 88.22, 44.54, 0, 46.68, 1, 25.67, 0, 'amount', 0, 'stand', 1, 'thing', 0, 'at', 'those', 'main');
INSERT INTO echo (mrn, event_id, echo_date, echo_avvr, echo_avvs, echo_avvs_mg, echo_avvs_hr, echo_slvr, echo_slvs, echo_slvs_mig, echo_slvs_mg, echo_fen_patent, echo_fen_patent_mg, echo_obst_arch, echo_obst_arch_mig, echo_obst_pv, echo_obst_pv_notes, echo_obst_fontan, echo_obst_fontan_notes, echo_obst_branchpa, echo_obst_branchpa_notes, echo_thrombus, echo_thrombus_notes, echo_report_notes, echo_sys_func) VALUES ('P0007', 15, '1988-05-05', 10.91, 0, 24.17, 42, 45.37, 0, 69.26, 79.97, 1, 75.3, 1, 27.15, 0, 'standard', 0, 'firm', 0, 'arrive', 0, 'including', 'its', 'than');
INSERT INTO echo (mrn, event_id, echo_date, echo_avvr, echo_avvs, echo_avvs_mg, echo_avvs_hr, echo_slvr, echo_slvs, echo_slvs_mig, echo_slvs_mg, echo_fen_patent, echo_fen_patent_mg, echo_obst_arch, echo_obst_arch_mig, echo_obst_pv, echo_obst_pv_notes, echo_obst_fontan, echo_obst_fontan_notes, echo_obst_branchpa, echo_obst_branchpa_notes, echo_thrombus, echo_thrombus_notes, echo_report_notes, echo_sys_func) VALUES ('P0008', 27, '1979-03-19', 89.29, 1, 21.8, 74, 78.74, 0, 31.87, 9.98, 0, 39.16, 0, 73.63, 1, 'manage', 0, 'house', 1, 'out', 0, 'into', 'herself', 'writer');
INSERT INTO echo (mrn, event_id, echo_date, echo_avvr, echo_avvs, echo_avvs_mg, echo_avvs_hr, echo_slvr, echo_slvs, echo_slvs_mig, echo_slvs_mg, echo_fen_patent, echo_fen_patent_mg, echo_obst_arch, echo_obst_arch_mig, echo_obst_pv, echo_obst_pv_notes, echo_obst_fontan, echo_obst_fontan_notes, echo_obst_branchpa, echo_obst_branchpa_notes, echo_thrombus, echo_thrombus_notes, echo_report_notes, echo_sys_func) VALUES ('P0009', 47, '2007-05-18', 44.64, 1, 42.19, 39, 62.92, 0, 79.44, 48.37, 1, 43.26, 0, 88.08, 0, 'take', 0, 'dark', 0, 'language', 0, 'their', 'away', 'candidate');
INSERT INTO echo (mrn, event_id, echo_date, echo_avvr, echo_avvs, echo_avvs_mg, echo_avvs_hr, echo_slvr, echo_slvs, echo_slvs_mig, echo_slvs_mg, echo_fen_patent, echo_fen_patent_mg, echo_obst_arch, echo_obst_arch_mig, echo_obst_pv, echo_obst_pv_notes, echo_obst_fontan, echo_obst_fontan_notes, echo_obst_branchpa, echo_obst_branchpa_notes, echo_thrombus, echo_thrombus_notes, echo_report_notes, echo_sys_func) VALUES ('P0010', 54, '2015-10-22', 90.98, 1, 68.23, 81, 22.61, 1, 15.54, 22.73, 0, 55.6, 1, 96.14, 1, 'personal', 1, 'during', 0, 'article', 1, 'great', 'address', 'argue');
INSERT INTO est (mrn, event_id, est_date, est_pt_height, est_pt_weight, est_protocol, est_hr_pre_exercise, est_sat_pre_exercise, est_hr_vat, est_vo2_vat, est_wr_peak, est_wr_pp, est_vo2_peak, est_vo2_pp, est_o2pulse_peak, est_hr_peak, est_hr_pp, est_rer_peak, est_sat_peak, est_vevco2, est_report_notes) VALUES ('P0001', 75, '1974-01-20', 5.45, 82.16, 'that', 73, 2.64, 25, 43.04, 81.64, 40.62, 16.85, 37.03, 97.14, 86, 44.08, 62.45, 60.89, 26.17, 'degree');
INSERT INTO est (mrn, event_id, est_date, est_pt_height, est_pt_weight, est_protocol, est_hr_pre_exercise, est_sat_pre_exercise, est_hr_vat, est_vo2_vat, est_wr_peak, est_wr_pp, est_vo2_peak, est_vo2_pp, est_o2pulse_peak, est_hr_peak, est_hr_pp, est_rer_peak, est_sat_peak, est_vevco2, est_report_notes) VALUES ('P0002', 86, '2001-03-10', 62.08, 22.15, 'entire', 28, 84.19, 46, 49.57, 64.98, 65.91, 11.57, 29.94, 51.93, 27, 6.28, 37.91, 41.17, 69.33, 'space');
INSERT INTO est (mrn, event_id, est_date, est_pt_height, est_pt_weight, est_protocol, est_hr_pre_exercise, est_sat_pre_exercise, est_hr_vat, est_vo2_vat, est_wr_peak, est_wr_pp, est_vo2_peak, est_vo2_pp, est_o2pulse_peak, est_hr_peak, est_hr_pp, est_rer_peak, est_sat_peak, est_vevco2, est_report_notes) VALUES ('P0003', 100, '1975-09-05', 51.06, 70.52, 'box', 83, 8.53, 25, 35.66, 85.19, 67.47, 40.12, 43.71, 80.81, 47, 25.03, 52.53, 6.72, 39.51, 'upon');
INSERT INTO est (mrn, event_id, est_date, est_pt_height, est_pt_weight, est_protocol, est_hr_pre_exercise, est_sat_pre_exercise, est_hr_vat, est_vo2_vat, est_wr_peak, est_wr_pp, est_vo2_peak, est_vo2_pp, est_o2pulse_peak, est_hr_peak, est_hr_pp, est_rer_peak, est_sat_peak, est_vevco2, est_report_notes) VALUES ('P0004', 31, '1980-03-19', 51.17, 50.16, 'truth', 31, 10.98, 64, 96.34, 38.88, 9.43, 69.7, 59.48, 66.13, 34, 85.19, 17.39, 27.12, 5.87, 'treatment');
INSERT INTO est (mrn, event_id, est_date, est_pt_height, est_pt_weight, est_protocol, est_hr_pre_exercise, est_sat_pre_exercise, est_hr_vat, est_vo2_vat, est_wr_peak, est_wr_pp, est_vo2_peak, est_vo2_pp, est_o2pulse_peak, est_hr_peak, est_hr_pp, est_rer_peak, est_sat_peak, est_vevco2, est_report_notes) VALUES ('P0005', 23, '1997-12-09', 57.41, 59.65, 'easy', 84, 2.05, 87, 54.12, 98.54, 17.61, 92.31, 66.44, 41.05, 25, 46.76, 2.01, 60.67, 77.7, 'age');
INSERT INTO est (mrn, event_id, est_date, est_pt_height, est_pt_weight, est_protocol, est_hr_pre_exercise, est_sat_pre_exercise, est_hr_vat, est_vo2_vat, est_wr_peak, est_wr_pp, est_vo2_peak, est_vo2_pp, est_o2pulse_peak, est_hr_peak, est_hr_pp, est_rer_peak, est_sat_peak, est_vevco2, est_report_notes) VALUES ('P0006', 16, '2024-04-05', 16.35, 69.23, 'baby', 26, 32.59, 33, 53.07, 27.36, 36.48, 72.17, 42.17, 32.0, 92, 87.88, 10.23, 28.22, 2.81, 'answer');
INSERT INTO est (mrn, event_id, est_date, est_pt_height, est_pt_weight, est_protocol, est_hr_pre_exercise, est_sat_pre_exercise, est_hr_vat, est_vo2_vat, est_wr_peak, est_wr_pp, est_vo2_peak, est_vo2_pp, est_o2pulse_peak, est_hr_peak, est_hr_pp, est_rer_peak, est_sat_peak, est_vevco2, est_report_notes) VALUES ('P0007', 95, '2000-06-16', 93.67, 39.63, 'whom', 37, 62.35, 56, 5.28, 88.98, 80.8, 4.21, 88.1, 42.97, 85, 51.07, 70.1, 76.57, 35.61, 'test');
INSERT INTO est (mrn, event_id, est_date, est_pt_height, est_pt_weight, est_protocol, est_hr_pre_exercise, est_sat_pre_exercise, est_hr_vat, est_vo2_vat, est_wr_peak, est_wr_pp, est_vo2_peak, est_vo2_pp, est_o2pulse_peak, est_hr_peak, est_hr_pp, est_rer_peak, est_sat_peak, est_vevco2, est_report_notes) VALUES ('P0008', 32, '2003-06-27', 2.52, 62.57, 'which', 59, 85.69, 10, 5.5, 59.48, 7.85, 69.48, 56.61, 34.09, 77, 87.64, 35.38, 76.13, 90.68, 'through');
INSERT INTO est (mrn, event_id, est_date, est_pt_height, est_pt_weight, est_protocol, est_hr_pre_exercise, est_sat_pre_exercise, est_hr_vat, est_vo2_vat, est_wr_peak, est_wr_pp, est_vo2_peak, est_vo2_pp, est_o2pulse_peak, est_hr_peak, est_hr_pp, est_rer_peak, est_sat_peak, est_vevco2, est_report_notes) VALUES ('P0009', 96, '1995-06-30', 35.49, 81.99, 'early', 41, 6.17, 31, 59.25, 33.98, 71.81, 83.08, 43.24, 62.19, 37, 16.3, 26.47, 69.41, 83.4, 'fire');
INSERT INTO est (mrn, event_id, est_date, est_pt_height, est_pt_weight, est_protocol, est_hr_pre_exercise, est_sat_pre_exercise, est_hr_vat, est_vo2_vat, est_wr_peak, est_wr_pp, est_vo2_peak, est_vo2_pp, est_o2pulse_peak, est_hr_peak, est_hr_pp, est_rer_peak, est_sat_peak, est_vevco2, est_report_notes) VALUES ('P0010', 98, '2007-05-14', 83.62, 44.61, 'protect', 5, 81.18, 57, 38.47, 41.44, 21.01, 4.8, 33.75, 9.25, 55, 15.37, 16.29, 79.29, 37.53, 'radio');
INSERT INTO cct (mrn, event_id, ct_date, ct_age_at_ct, ct_anatomy_notes, ct_apc, ct_apc_notes, ct_bmi, ct_contour, ct_contrast_total, ct_dim_aao1, ct_dim_aao2, ct_dim_ao_arch_distal_trans1, ct_dim_ao_arch_distal_trans2, ct_dim_ao_arch_prox_trans1, ct_dim_ao_arch_prox_trans2, ct_dim_ao_desc1, ct_dim_ao_desc2, ct_dim_ao_is1, ct_dim_ao_is2, ct_dim_ao_root_antpos1, ct_dim_ao_root_sa1, ct_dim_ao_root_trans1, ct_dim_ao_valve_annulus1, ct_dim_ao_valve_annulus2, ct_dim_commonav_valve_annulus_lat1, ct_dim_lpa1, ct_dim_lpa2, ct_dim_mitral_valve_annulus_antpos1, ct_dim_mitral_valve_annulus_lat1, ct_dim_neoao_root1, ct_dim_neoao_root2, ct_dim_neoao_valve_annulus1, ct_dim_neoao_valve_annulus2, ct_dim_rpa1, ct_dim_rpa2, ct_dim_tri_valve_annulus_antpos1, ct_dim_tri_valve_annulus_lat1, ct_ecv_mean, ct_ecv_sd, ct_exam_reason, ct_flow_asc_ao, ct_flow_avv, ct_flow_avv_mitral, ct_flow_avv_tri, ct_flow_desc_ao, ct_flow_diff_lpa, ct_flow_diff_rpa, ct_flow_fontan, ct_flow_ivc, ct_flow_lpa, ct_flow_lpv, ct_flow_lsvc, ct_flow_native_ao, ct_flow_neo_ao, ct_flow_qpqs, ct_flow_qpqs_method, ct_flow_qpqs_method_notes, ct_flow_rf_ao, ct_flow_rf_mv, ct_flow_rf_pa, ct_flow_rf_tv, ct_flow_rpa, ct_flow_rpv, ct_flow_rsvc, ct_fontan_fen, ct_fontan_type, ct_fontan_type_notes, ct_fxn_notes, ct_lv_edv, ct_lv_ef, ct_lv_esv, ct_lv_mass, ct_lv_mvr, ct_lv_sv, ct_mass_height27, ct_o2_sat, ct_pt_bp_le_dias, ct_pt_bp_le_mean, ct_pt_bp_le_sys, ct_pt_bp_ue_dias, ct_pt_bp_ue_mean, ct_pt_bp_ue_sys, ct_pt_bsa, ct_pt_bsa_rpt, ct_pt_hct, ct_pt_height, ct_pt_hr, ct_pt_weight, ct_regurg_avv, ct_regurg_slv, ct_report, ct_report_artifact_notes, ct_report_notes, ct_rv_edv, ct_rv_ef, ct_rv_esv, ct_rv_mass, ct_rv_mvr, ct_rv_sv, ct_sedation, ct_sequence, ct_sequence_notes, ct_strain_gcs_2v, ct_strain_gcs_phase, ct_strain_gcsr_2v, ct_strain_gls_2v, ct_strain_gls_phase, ct_strain_glsr_2v, ct_strain_grs_2v, ct_strain_grsr_2v, ct_sv_edv, ct_sv_edv_bsa1, ct_sv_edv_bsa13, ct_sv_ef, ct_sv_esv, ct_sv_esv_bsa1, ct_sv_esv_bsa13, ct_sv_mass, ct_sv_mass_bsa1, ct_sv_mass_bsa13, ct_sv_mass_height27, ct_sv_mvr, ct_sv_mvr_bsa1, ct_sv_mvr_bsa13, ct_sv_sv, ct_sv_sv_bsa1, ct_sv_sv_bsa13, ct_t1_mean, ct_t1_sd, ct_technique, ct_tesla, ct_tesla_notes, ct_tube_voltage, ct_vendor, ct_vendor_notes, ct_vent_systemic_circ, ct_vvc, ct_vvc_notes) VALUES ('P0001', 'top', '2014-11-22', 76.4, 'heart', 1, 'knowledge', 27.64, 1, 49.57, 26.54, 48.36, 25.26, 77.3, 14.11, 14.5, 6.39, 8.59, 64.33, 75.35, 75.03, 9.78, 93.41, 49.9, 43.35, 95.4, 56.9, 31.04, 90.16, 40.63, 25.41, 63.41, 59.34, 32.43, 34.53, 88.44, 5.07, 8.26, 57.08, 62.11, 'or', 26.45, 51.92, 13.46, 75.54, 41.04, 61.85, 9.65, 35.89, 77.26, 18.67, 8.38, 72.14, 30.45, 45.46, 42.24, 'evening', 'require', 97.01, 37.67, 74.53, 60.3, 59.75, 30.29, 50.52, 'huge', 'performance', 'their', 'research', 95.35, 19.87, 22.23, 92.04, 39.11, 93.93, 29.83, 63.57, 19, 98, 75, 83, 88, 71, 19.14, 98.06, 51.2, 95.0, 34, 6.99, 'nice', 'house', 'modern', 'shoulder', 'prove', 89.25, 42.82, 10.11, 59.74, 33.2, 62.14, 'baby', 'pressure', 'believe', 41.99, 5, 15.85, 13.33, 25, 49.49, 65.48, 55.16, 75.41, 38.84, 82.99, 1.32, 84.69, 87.76, 10.66, 58.24, 40.08, 63.94, 19.75, 4.67, 22.9, 16.56, 72.59, 37.1, 22.76, 5.86, 5.65, 'skin', 22.06, 'room', 35, 'discussion', 'fall', 'audience', 'election', 'late');
INSERT INTO cct (mrn, event_id, ct_date, ct_age_at_ct, ct_anatomy_notes, ct_apc, ct_apc_notes, ct_bmi, ct_contour, ct_contrast_total, ct_dim_aao1, ct_dim_aao2, ct_dim_ao_arch_distal_trans1, ct_dim_ao_arch_distal_trans2, ct_dim_ao_arch_prox_trans1, ct_dim_ao_arch_prox_trans2, ct_dim_ao_desc1, ct_dim_ao_desc2, ct_dim_ao_is1, ct_dim_ao_is2, ct_dim_ao_root_antpos1, ct_dim_ao_root_sa1, ct_dim_ao_root_trans1, ct_dim_ao_valve_annulus1, ct_dim_ao_valve_annulus2, ct_dim_commonav_valve_annulus_lat1, ct_dim_lpa1, ct_dim_lpa2, ct_dim_mitral_valve_annulus_antpos1, ct_dim_mitral_valve_annulus_lat1, ct_dim_neoao_root1, ct_dim_neoao_root2, ct_dim_neoao_valve_annulus1, ct_dim_neoao_valve_annulus2, ct_dim_rpa1, ct_dim_rpa2, ct_dim_tri_valve_annulus_antpos1, ct_dim_tri_valve_annulus_lat1, ct_ecv_mean, ct_ecv_sd, ct_exam_reason, ct_flow_asc_ao, ct_flow_avv, ct_flow_avv_mitral, ct_flow_avv_tri, ct_flow_desc_ao, ct_flow_diff_lpa, ct_flow_diff_rpa, ct_flow_fontan, ct_flow_ivc, ct_flow_lpa, ct_flow_lpv, ct_flow_lsvc, ct_flow_native_ao, ct_flow_neo_ao, ct_flow_qpqs, ct_flow_qpqs_method, ct_flow_qpqs_method_notes, ct_flow_rf_ao, ct_flow_rf_mv, ct_flow_rf_pa, ct_flow_rf_tv, ct_flow_rpa, ct_flow_rpv, ct_flow_rsvc, ct_fontan_fen, ct_fontan_type, ct_fontan_type_notes, ct_fxn_notes, ct_lv_edv, ct_lv_ef, ct_lv_esv, ct_lv_mass, ct_lv_mvr, ct_lv_sv, ct_mass_height27, ct_o2_sat, ct_pt_bp_le_dias, ct_pt_bp_le_mean, ct_pt_bp_le_sys, ct_pt_bp_ue_dias, ct_pt_bp_ue_mean, ct_pt_bp_ue_sys, ct_pt_bsa, ct_pt_bsa_rpt, ct_pt_hct, ct_pt_height, ct_pt_hr, ct_pt_weight, ct_regurg_avv, ct_regurg_slv, ct_report, ct_report_artifact_notes, ct_report_notes, ct_rv_edv, ct_rv_ef, ct_rv_esv, ct_rv_mass, ct_rv_mvr, ct_rv_sv, ct_sedation, ct_sequence, ct_sequence_notes, ct_strain_gcs_2v, ct_strain_gcs_phase, ct_strain_gcsr_2v, ct_strain_gls_2v, ct_strain_gls_phase, ct_strain_glsr_2v, ct_strain_grs_2v, ct_strain_grsr_2v, ct_sv_edv, ct_sv_edv_bsa1, ct_sv_edv_bsa13, ct_sv_ef, ct_sv_esv, ct_sv_esv_bsa1, ct_sv_esv_bsa13, ct_sv_mass, ct_sv_mass_bsa1, ct_sv_mass_bsa13, ct_sv_mass_height27, ct_sv_mvr, ct_sv_mvr_bsa1, ct_sv_mvr_bsa13, ct_sv_sv, ct_sv_sv_bsa1, ct_sv_sv_bsa13, ct_t1_mean, ct_t1_sd, ct_technique, ct_tesla, ct_tesla_notes, ct_tube_voltage, ct_vendor, ct_vendor_notes, ct_vent_systemic_circ, ct_vvc, ct_vvc_notes) VALUES ('P0002', 'evening', '1981-11-01', 46.58, 'single', 0, 'when', 11.16, 0, 71.62, 13.01, 56.02, 36.28, 33.96, 79.88, 49.78, 7.07, 54.18, 22.97, 74.19, 68.88, 49.68, 58.88, 60.15, 71.73, 79.55, 80.99, 99.13, 40.05, 82.93, 19.05, 57.11, 27.01, 42.55, 22.61, 67.98, 82.42, 44.27, 24.9, 85.01, 'sing', 95.82, 39.09, 89.27, 76.82, 82.8, 23.61, 33.79, 87.36, 75.51, 2.93, 64.49, 43.05, 21.46, 42.92, 33.61, 'remember', 'cover', 95.56, 4.06, 83.86, 81.66, 58.27, 62.96, 66.56, 'baby', 'past', 'behind', 'development', 23.66, 84.69, 64.22, 41.43, 79.2, 63.3, 31.73, 39.3, 37, 53, 32, 72, 33, 42, 45.74, 67.26, 72.03, 95.48, 64, 90.43, 'case', 'project', 'whom', 'cut', 'if', 30.76, 29.87, 91.82, 30.46, 87.85, 12.93, 'admit', 'require', 'PM', 18.67, 38, 52.94, 63.7, 92, 64.34, 36.53, 36.5, 34.31, 41.97, 61.28, 25.17, 54.9, 38.31, 7.72, 42.96, 38.0, 73.48, 52.84, 19.16, 80.36, 66.55, 67.6, 43.27, 94.56, 78.35, 51.8, 'after', 28.34, 'foreign', 62, 'treat', 'leader', 'again', 'grow', 'turn');
INSERT INTO cct (mrn, event_id, ct_date, ct_age_at_ct, ct_anatomy_notes, ct_apc, ct_apc_notes, ct_bmi, ct_contour, ct_contrast_total, ct_dim_aao1, ct_dim_aao2, ct_dim_ao_arch_distal_trans1, ct_dim_ao_arch_distal_trans2, ct_dim_ao_arch_prox_trans1, ct_dim_ao_arch_prox_trans2, ct_dim_ao_desc1, ct_dim_ao_desc2, ct_dim_ao_is1, ct_dim_ao_is2, ct_dim_ao_root_antpos1, ct_dim_ao_root_sa1, ct_dim_ao_root_trans1, ct_dim_ao_valve_annulus1, ct_dim_ao_valve_annulus2, ct_dim_commonav_valve_annulus_lat1, ct_dim_lpa1, ct_dim_lpa2, ct_dim_mitral_valve_annulus_antpos1, ct_dim_mitral_valve_annulus_lat1, ct_dim_neoao_root1, ct_dim_neoao_root2, ct_dim_neoao_valve_annulus1, ct_dim_neoao_valve_annulus2, ct_dim_rpa1, ct_dim_rpa2, ct_dim_tri_valve_annulus_antpos1, ct_dim_tri_valve_annulus_lat1, ct_ecv_mean, ct_ecv_sd, ct_exam_reason, ct_flow_asc_ao, ct_flow_avv, ct_flow_avv_mitral, ct_flow_avv_tri, ct_flow_desc_ao, ct_flow_diff_lpa, ct_flow_diff_rpa, ct_flow_fontan, ct_flow_ivc, ct_flow_lpa, ct_flow_lpv, ct_flow_lsvc, ct_flow_native_ao, ct_flow_neo_ao, ct_flow_qpqs, ct_flow_qpqs_method, ct_flow_qpqs_method_notes, ct_flow_rf_ao, ct_flow_rf_mv, ct_flow_rf_pa, ct_flow_rf_tv, ct_flow_rpa, ct_flow_rpv, ct_flow_rsvc, ct_fontan_fen, ct_fontan_type, ct_fontan_type_notes, ct_fxn_notes, ct_lv_edv, ct_lv_ef, ct_lv_esv, ct_lv_mass, ct_lv_mvr, ct_lv_sv, ct_mass_height27, ct_o2_sat, ct_pt_bp_le_dias, ct_pt_bp_le_mean, ct_pt_bp_le_sys, ct_pt_bp_ue_dias, ct_pt_bp_ue_mean, ct_pt_bp_ue_sys, ct_pt_bsa, ct_pt_bsa_rpt, ct_pt_hct, ct_pt_height, ct_pt_hr, ct_pt_weight, ct_regurg_avv, ct_regurg_slv, ct_report, ct_report_artifact_notes, ct_report_notes, ct_rv_edv, ct_rv_ef, ct_rv_esv, ct_rv_mass, ct_rv_mvr, ct_rv_sv, ct_sedation, ct_sequence, ct_sequence_notes, ct_strain_gcs_2v, ct_strain_gcs_phase, ct_strain_gcsr_2v, ct_strain_gls_2v, ct_strain_gls_phase, ct_strain_glsr_2v, ct_strain_grs_2v, ct_strain_grsr_2v, ct_sv_edv, ct_sv_edv_bsa1, ct_sv_edv_bsa13, ct_sv_ef, ct_sv_esv, ct_sv_esv_bsa1, ct_sv_esv_bsa13, ct_sv_mass, ct_sv_mass_bsa1, ct_sv_mass_bsa13, ct_sv_mass_height27, ct_sv_mvr, ct_sv_mvr_bsa1, ct_sv_mvr_bsa13, ct_sv_sv, ct_sv_sv_bsa1, ct_sv_sv_bsa13, ct_t1_mean, ct_t1_sd, ct_technique, ct_tesla, ct_tesla_notes, ct_tube_voltage, ct_vendor, ct_vendor_notes, ct_vent_systemic_circ, ct_vvc, ct_vvc_notes) VALUES ('P0003', 'anyone', '1975-11-23', 83.45, 'and', 1, 'population', 51.03, 0, 61.53, 79.91, 11.32, 33.88, 30.65, 50.78, 32.06, 24.47, 19.04, 42.88, 38.54, 45.61, 90.07, 29.55, 90.53, 9.16, 50.53, 49.63, 58.21, 63.18, 80.83, 97.28, 74.48, 10.62, 33.59, 5.54, 45.53, 57.84, 24.95, 77.16, 32.02, 'management', 25.87, 15.74, 92.41, 8.2, 81.02, 84.42, 73.28, 20.78, 37.13, 90.78, 94.67, 81.14, 4.78, 85.23, 80.17, 'member', 'himself', 98.05, 46.88, 74.2, 66.27, 98.16, 99.43, 48.44, 'law', 'page', 'service', 'pass', 35.23, 79.08, 44.61, 21.16, 23.42, 44.39, 67.66, 54.62, 58, 87, 48, 4, 93, 10, 65.32, 35.52, 28.11, 48.51, 19, 10.06, 'recognize', 'cup', 'fear', 'half', 'ahead', 45.25, 7.1, 33.1, 21.32, 84.89, 85.6, 'meet', 'change', 'maybe', 11.63, 23, 47.4, 90.01, 51, 51.46, 93.22, 28.9, 21.3, 22.64, 46.09, 81.9, 12.35, 48.36, 24.81, 59.71, 40.05, 71.23, 7.99, 90.41, 71.57, 36.59, 37.97, 36.84, 84.05, 40.66, 10.64, 'everything', 51.22, 'baby', 83, 'computer', 'worry', 'century', 'check', 'attack');
INSERT INTO cct (mrn, event_id, ct_date, ct_age_at_ct, ct_anatomy_notes, ct_apc, ct_apc_notes, ct_bmi, ct_contour, ct_contrast_total, ct_dim_aao1, ct_dim_aao2, ct_dim_ao_arch_distal_trans1, ct_dim_ao_arch_distal_trans2, ct_dim_ao_arch_prox_trans1, ct_dim_ao_arch_prox_trans2, ct_dim_ao_desc1, ct_dim_ao_desc2, ct_dim_ao_is1, ct_dim_ao_is2, ct_dim_ao_root_antpos1, ct_dim_ao_root_sa1, ct_dim_ao_root_trans1, ct_dim_ao_valve_annulus1, ct_dim_ao_valve_annulus2, ct_dim_commonav_valve_annulus_lat1, ct_dim_lpa1, ct_dim_lpa2, ct_dim_mitral_valve_annulus_antpos1, ct_dim_mitral_valve_annulus_lat1, ct_dim_neoao_root1, ct_dim_neoao_root2, ct_dim_neoao_valve_annulus1, ct_dim_neoao_valve_annulus2, ct_dim_rpa1, ct_dim_rpa2, ct_dim_tri_valve_annulus_antpos1, ct_dim_tri_valve_annulus_lat1, ct_ecv_mean, ct_ecv_sd, ct_exam_reason, ct_flow_asc_ao, ct_flow_avv, ct_flow_avv_mitral, ct_flow_avv_tri, ct_flow_desc_ao, ct_flow_diff_lpa, ct_flow_diff_rpa, ct_flow_fontan, ct_flow_ivc, ct_flow_lpa, ct_flow_lpv, ct_flow_lsvc, ct_flow_native_ao, ct_flow_neo_ao, ct_flow_qpqs, ct_flow_qpqs_method, ct_flow_qpqs_method_notes, ct_flow_rf_ao, ct_flow_rf_mv, ct_flow_rf_pa, ct_flow_rf_tv, ct_flow_rpa, ct_flow_rpv, ct_flow_rsvc, ct_fontan_fen, ct_fontan_type, ct_fontan_type_notes, ct_fxn_notes, ct_lv_edv, ct_lv_ef, ct_lv_esv, ct_lv_mass, ct_lv_mvr, ct_lv_sv, ct_mass_height27, ct_o2_sat, ct_pt_bp_le_dias, ct_pt_bp_le_mean, ct_pt_bp_le_sys, ct_pt_bp_ue_dias, ct_pt_bp_ue_mean, ct_pt_bp_ue_sys, ct_pt_bsa, ct_pt_bsa_rpt, ct_pt_hct, ct_pt_height, ct_pt_hr, ct_pt_weight, ct_regurg_avv, ct_regurg_slv, ct_report, ct_report_artifact_notes, ct_report_notes, ct_rv_edv, ct_rv_ef, ct_rv_esv, ct_rv_mass, ct_rv_mvr, ct_rv_sv, ct_sedation, ct_sequence, ct_sequence_notes, ct_strain_gcs_2v, ct_strain_gcs_phase, ct_strain_gcsr_2v, ct_strain_gls_2v, ct_strain_gls_phase, ct_strain_glsr_2v, ct_strain_grs_2v, ct_strain_grsr_2v, ct_sv_edv, ct_sv_edv_bsa1, ct_sv_edv_bsa13, ct_sv_ef, ct_sv_esv, ct_sv_esv_bsa1, ct_sv_esv_bsa13, ct_sv_mass, ct_sv_mass_bsa1, ct_sv_mass_bsa13, ct_sv_mass_height27, ct_sv_mvr, ct_sv_mvr_bsa1, ct_sv_mvr_bsa13, ct_sv_sv, ct_sv_sv_bsa1, ct_sv_sv_bsa13, ct_t1_mean, ct_t1_sd, ct_technique, ct_tesla, ct_tesla_notes, ct_tube_voltage, ct_vendor, ct_vendor_notes, ct_vent_systemic_circ, ct_vvc, ct_vvc_notes) VALUES ('P0004', 'wonder', '1982-11-13', 36.81, 'amount', 1, 'in', 53.86, 1, 5.2, 67.68, 33.0, 71.25, 70.37, 7.22, 3.76, 49.86, 46.93, 57.94, 79.41, 42.83, 71.83, 94.34, 43.31, 64.31, 26.38, 95.68, 54.94, 17.59, 60.68, 34.32, 68.61, 42.48, 21.21, 3.74, 82.2, 9.36, 97.08, 96.21, 60.79, 'the', 74.79, 57.07, 47.68, 30.91, 32.51, 17.62, 70.97, 50.24, 69.66, 40.2, 94.78, 56.88, 80.38, 70.75, 48.25, 'beautiful', 'different', 88.82, 71.19, 76.87, 44.58, 1.75, 40.5, 29.56, 'always', 'together', 'check', 'listen', 11.3, 42.27, 55.44, 15.01, 22.55, 25.5, 81.62, 70.62, 35, 35, 88, 41, 17, 10, 49.36, 90.18, 21.14, 93.3, 90, 87.22, 'challenge', 'outside', 'company', 'manage', 'space', 8.15, 80.73, 99.37, 40.48, 57.25, 59.64, 'stage', 'enough', 'help', 90.84, 34, 40.94, 82.4, 65, 47.89, 98.61, 55.48, 79.45, 13.63, 27.04, 68.56, 93.72, 9.28, 51.39, 69.41, 94.55, 81.89, 1.68, 97.86, 11.94, 34.41, 61.47, 6.55, 63.36, 69.72, 73.34, 'hit', 55.89, 'church', 32, 'star', 'only', 'future', 'onto', 'team');
INSERT INTO cct (mrn, event_id, ct_date, ct_age_at_ct, ct_anatomy_notes, ct_apc, ct_apc_notes, ct_bmi, ct_contour, ct_contrast_total, ct_dim_aao1, ct_dim_aao2, ct_dim_ao_arch_distal_trans1, ct_dim_ao_arch_distal_trans2, ct_dim_ao_arch_prox_trans1, ct_dim_ao_arch_prox_trans2, ct_dim_ao_desc1, ct_dim_ao_desc2, ct_dim_ao_is1, ct_dim_ao_is2, ct_dim_ao_root_antpos1, ct_dim_ao_root_sa1, ct_dim_ao_root_trans1, ct_dim_ao_valve_annulus1, ct_dim_ao_valve_annulus2, ct_dim_commonav_valve_annulus_lat1, ct_dim_lpa1, ct_dim_lpa2, ct_dim_mitral_valve_annulus_antpos1, ct_dim_mitral_valve_annulus_lat1, ct_dim_neoao_root1, ct_dim_neoao_root2, ct_dim_neoao_valve_annulus1, ct_dim_neoao_valve_annulus2, ct_dim_rpa1, ct_dim_rpa2, ct_dim_tri_valve_annulus_antpos1, ct_dim_tri_valve_annulus_lat1, ct_ecv_mean, ct_ecv_sd, ct_exam_reason, ct_flow_asc_ao, ct_flow_avv, ct_flow_avv_mitral, ct_flow_avv_tri, ct_flow_desc_ao, ct_flow_diff_lpa, ct_flow_diff_rpa, ct_flow_fontan, ct_flow_ivc, ct_flow_lpa, ct_flow_lpv, ct_flow_lsvc, ct_flow_native_ao, ct_flow_neo_ao, ct_flow_qpqs, ct_flow_qpqs_method, ct_flow_qpqs_method_notes, ct_flow_rf_ao, ct_flow_rf_mv, ct_flow_rf_pa, ct_flow_rf_tv, ct_flow_rpa, ct_flow_rpv, ct_flow_rsvc, ct_fontan_fen, ct_fontan_type, ct_fontan_type_notes, ct_fxn_notes, ct_lv_edv, ct_lv_ef, ct_lv_esv, ct_lv_mass, ct_lv_mvr, ct_lv_sv, ct_mass_height27, ct_o2_sat, ct_pt_bp_le_dias, ct_pt_bp_le_mean, ct_pt_bp_le_sys, ct_pt_bp_ue_dias, ct_pt_bp_ue_mean, ct_pt_bp_ue_sys, ct_pt_bsa, ct_pt_bsa_rpt, ct_pt_hct, ct_pt_height, ct_pt_hr, ct_pt_weight, ct_regurg_avv, ct_regurg_slv, ct_report, ct_report_artifact_notes, ct_report_notes, ct_rv_edv, ct_rv_ef, ct_rv_esv, ct_rv_mass, ct_rv_mvr, ct_rv_sv, ct_sedation, ct_sequence, ct_sequence_notes, ct_strain_gcs_2v, ct_strain_gcs_phase, ct_strain_gcsr_2v, ct_strain_gls_2v, ct_strain_gls_phase, ct_strain_glsr_2v, ct_strain_grs_2v, ct_strain_grsr_2v, ct_sv_edv, ct_sv_edv_bsa1, ct_sv_edv_bsa13, ct_sv_ef, ct_sv_esv, ct_sv_esv_bsa1, ct_sv_esv_bsa13, ct_sv_mass, ct_sv_mass_bsa1, ct_sv_mass_bsa13, ct_sv_mass_height27, ct_sv_mvr, ct_sv_mvr_bsa1, ct_sv_mvr_bsa13, ct_sv_sv, ct_sv_sv_bsa1, ct_sv_sv_bsa13, ct_t1_mean, ct_t1_sd, ct_technique, ct_tesla, ct_tesla_notes, ct_tube_voltage, ct_vendor, ct_vendor_notes, ct_vent_systemic_circ, ct_vvc, ct_vvc_notes) VALUES ('P0005', 'indeed', '1995-04-10', 40.37, 'cover', 0, 'hear', 62.1, 0, 9.92, 94.76, 15.56, 61.68, 24.32, 51.58, 49.47, 13.32, 19.69, 82.39, 22.37, 60.18, 45.39, 18.04, 8.82, 40.4, 26.3, 94.13, 42.61, 87.93, 57.15, 19.64, 90.38, 66.77, 3.15, 16.35, 40.31, 41.76, 42.68, 79.91, 87.74, 'long', 94.78, 65.39, 99.56, 40.26, 24.84, 40.56, 12.16, 15.29, 9.05, 69.89, 49.96, 50.73, 99.2, 61.52, 27.46, 'talk', 'into', 72.33, 86.49, 10.79, 27.17, 23.67, 92.2, 94.82, 'chance', 'red', 'suffer', 'view', 32.33, 43.73, 56.78, 66.49, 33.71, 87.26, 62.89, 63.15, 61, 97, 78, 13, 33, 57, 52.5, 23.39, 91.22, 20.23, 29, 51.05, 'film', 'involve', 'buy', 'general', 'throw', 66.32, 84.82, 14.53, 22.09, 54.31, 21.62, 'wall', 'ground', 'usually', 98.96, 47, 81.57, 89.65, 92, 48.01, 98.09, 91.79, 2.74, 97.63, 87.92, 84.33, 4.53, 28.09, 31.1, 96.43, 47.15, 56.73, 49.86, 57.35, 45.67, 23.98, 64.98, 67.23, 1.56, 19.95, 6.86, 'recently', 35.41, 'character', 46, 'someone', 'each', 'eye', 'meet', 'team');
INSERT INTO cct (mrn, event_id, ct_date, ct_age_at_ct, ct_anatomy_notes, ct_apc, ct_apc_notes, ct_bmi, ct_contour, ct_contrast_total, ct_dim_aao1, ct_dim_aao2, ct_dim_ao_arch_distal_trans1, ct_dim_ao_arch_distal_trans2, ct_dim_ao_arch_prox_trans1, ct_dim_ao_arch_prox_trans2, ct_dim_ao_desc1, ct_dim_ao_desc2, ct_dim_ao_is1, ct_dim_ao_is2, ct_dim_ao_root_antpos1, ct_dim_ao_root_sa1, ct_dim_ao_root_trans1, ct_dim_ao_valve_annulus1, ct_dim_ao_valve_annulus2, ct_dim_commonav_valve_annulus_lat1, ct_dim_lpa1, ct_dim_lpa2, ct_dim_mitral_valve_annulus_antpos1, ct_dim_mitral_valve_annulus_lat1, ct_dim_neoao_root1, ct_dim_neoao_root2, ct_dim_neoao_valve_annulus1, ct_dim_neoao_valve_annulus2, ct_dim_rpa1, ct_dim_rpa2, ct_dim_tri_valve_annulus_antpos1, ct_dim_tri_valve_annulus_lat1, ct_ecv_mean, ct_ecv_sd, ct_exam_reason, ct_flow_asc_ao, ct_flow_avv, ct_flow_avv_mitral, ct_flow_avv_tri, ct_flow_desc_ao, ct_flow_diff_lpa, ct_flow_diff_rpa, ct_flow_fontan, ct_flow_ivc, ct_flow_lpa, ct_flow_lpv, ct_flow_lsvc, ct_flow_native_ao, ct_flow_neo_ao, ct_flow_qpqs, ct_flow_qpqs_method, ct_flow_qpqs_method_notes, ct_flow_rf_ao, ct_flow_rf_mv, ct_flow_rf_pa, ct_flow_rf_tv, ct_flow_rpa, ct_flow_rpv, ct_flow_rsvc, ct_fontan_fen, ct_fontan_type, ct_fontan_type_notes, ct_fxn_notes, ct_lv_edv, ct_lv_ef, ct_lv_esv, ct_lv_mass, ct_lv_mvr, ct_lv_sv, ct_mass_height27, ct_o2_sat, ct_pt_bp_le_dias, ct_pt_bp_le_mean, ct_pt_bp_le_sys, ct_pt_bp_ue_dias, ct_pt_bp_ue_mean, ct_pt_bp_ue_sys, ct_pt_bsa, ct_pt_bsa_rpt, ct_pt_hct, ct_pt_height, ct_pt_hr, ct_pt_weight, ct_regurg_avv, ct_regurg_slv, ct_report, ct_report_artifact_notes, ct_report_notes, ct_rv_edv, ct_rv_ef, ct_rv_esv, ct_rv_mass, ct_rv_mvr, ct_rv_sv, ct_sedation, ct_sequence, ct_sequence_notes, ct_strain_gcs_2v, ct_strain_gcs_phase, ct_strain_gcsr_2v, ct_strain_gls_2v, ct_strain_gls_phase, ct_strain_glsr_2v, ct_strain_grs_2v, ct_strain_grsr_2v, ct_sv_edv, ct_sv_edv_bsa1, ct_sv_edv_bsa13, ct_sv_ef, ct_sv_esv, ct_sv_esv_bsa1, ct_sv_esv_bsa13, ct_sv_mass, ct_sv_mass_bsa1, ct_sv_mass_bsa13, ct_sv_mass_height27, ct_sv_mvr, ct_sv_mvr_bsa1, ct_sv_mvr_bsa13, ct_sv_sv, ct_sv_sv_bsa1, ct_sv_sv_bsa13, ct_t1_mean, ct_t1_sd, ct_technique, ct_tesla, ct_tesla_notes, ct_tube_voltage, ct_vendor, ct_vendor_notes, ct_vent_systemic_circ, ct_vvc, ct_vvc_notes) VALUES ('P0006', 'close', '1988-03-09', 31.92, 'television', 1, 'crime', 87.23, 0, 84.02, 20.15, 59.41, 7.25, 14.42, 22.15, 12.23, 19.89, 37.22, 5.17, 95.54, 80.47, 69.98, 33.5, 75.03, 1.95, 43.82, 63.62, 60.75, 81.31, 38.61, 69.35, 38.83, 76.29, 44.91, 9.78, 10.23, 79.15, 62.04, 55.35, 60.83, 'see', 80.03, 49.58, 70.28, 88.04, 77.14, 12.03, 94.66, 24.96, 45.12, 35.99, 70.18, 11.08, 9.15, 57.42, 69.52, 'time', 'soldier', 11.65, 99.49, 31.46, 58.45, 66.16, 78.79, 86.27, 'work', 'song', 'prevent', 'stage', 53.74, 37.75, 8.82, 53.12, 6.79, 97.74, 85.06, 37.2, 44, 24, 68, 16, 95, 28, 77.32, 64.64, 25.29, 33.32, 48, 8.57, 'form', 'could', 'continue', 'realize', 'particular', 83.73, 68.06, 96.24, 36.82, 85.94, 96.65, 'pick', 'because', 'information', 40.43, 74, 53.97, 87.16, 20, 95.13, 80.86, 81.46, 9.79, 43.61, 92.2, 98.55, 7.09, 40.16, 53.92, 52.65, 31.92, 84.94, 22.57, 91.93, 99.76, 64.46, 54.5, 35.0, 61.5, 33.21, 6.92, 'any', 28.65, 'here', 64, 'defense', 'lot', 'each', 'around', 'father');
INSERT INTO cct (mrn, event_id, ct_date, ct_age_at_ct, ct_anatomy_notes, ct_apc, ct_apc_notes, ct_bmi, ct_contour, ct_contrast_total, ct_dim_aao1, ct_dim_aao2, ct_dim_ao_arch_distal_trans1, ct_dim_ao_arch_distal_trans2, ct_dim_ao_arch_prox_trans1, ct_dim_ao_arch_prox_trans2, ct_dim_ao_desc1, ct_dim_ao_desc2, ct_dim_ao_is1, ct_dim_ao_is2, ct_dim_ao_root_antpos1, ct_dim_ao_root_sa1, ct_dim_ao_root_trans1, ct_dim_ao_valve_annulus1, ct_dim_ao_valve_annulus2, ct_dim_commonav_valve_annulus_lat1, ct_dim_lpa1, ct_dim_lpa2, ct_dim_mitral_valve_annulus_antpos1, ct_dim_mitral_valve_annulus_lat1, ct_dim_neoao_root1, ct_dim_neoao_root2, ct_dim_neoao_valve_annulus1, ct_dim_neoao_valve_annulus2, ct_dim_rpa1, ct_dim_rpa2, ct_dim_tri_valve_annulus_antpos1, ct_dim_tri_valve_annulus_lat1, ct_ecv_mean, ct_ecv_sd, ct_exam_reason, ct_flow_asc_ao, ct_flow_avv, ct_flow_avv_mitral, ct_flow_avv_tri, ct_flow_desc_ao, ct_flow_diff_lpa, ct_flow_diff_rpa, ct_flow_fontan, ct_flow_ivc, ct_flow_lpa, ct_flow_lpv, ct_flow_lsvc, ct_flow_native_ao, ct_flow_neo_ao, ct_flow_qpqs, ct_flow_qpqs_method, ct_flow_qpqs_method_notes, ct_flow_rf_ao, ct_flow_rf_mv, ct_flow_rf_pa, ct_flow_rf_tv, ct_flow_rpa, ct_flow_rpv, ct_flow_rsvc, ct_fontan_fen, ct_fontan_type, ct_fontan_type_notes, ct_fxn_notes, ct_lv_edv, ct_lv_ef, ct_lv_esv, ct_lv_mass, ct_lv_mvr, ct_lv_sv, ct_mass_height27, ct_o2_sat, ct_pt_bp_le_dias, ct_pt_bp_le_mean, ct_pt_bp_le_sys, ct_pt_bp_ue_dias, ct_pt_bp_ue_mean, ct_pt_bp_ue_sys, ct_pt_bsa, ct_pt_bsa_rpt, ct_pt_hct, ct_pt_height, ct_pt_hr, ct_pt_weight, ct_regurg_avv, ct_regurg_slv, ct_report, ct_report_artifact_notes, ct_report_notes, ct_rv_edv, ct_rv_ef, ct_rv_esv, ct_rv_mass, ct_rv_mvr, ct_rv_sv, ct_sedation, ct_sequence, ct_sequence_notes, ct_strain_gcs_2v, ct_strain_gcs_phase, ct_strain_gcsr_2v, ct_strain_gls_2v, ct_strain_gls_phase, ct_strain_glsr_2v, ct_strain_grs_2v, ct_strain_grsr_2v, ct_sv_edv, ct_sv_edv_bsa1, ct_sv_edv_bsa13, ct_sv_ef, ct_sv_esv, ct_sv_esv_bsa1, ct_sv_esv_bsa13, ct_sv_mass, ct_sv_mass_bsa1, ct_sv_mass_bsa13, ct_sv_mass_height27, ct_sv_mvr, ct_sv_mvr_bsa1, ct_sv_mvr_bsa13, ct_sv_sv, ct_sv_sv_bsa1, ct_sv_sv_bsa13, ct_t1_mean, ct_t1_sd, ct_technique, ct_tesla, ct_tesla_notes, ct_tube_voltage, ct_vendor, ct_vendor_notes, ct_vent_systemic_circ, ct_vvc, ct_vvc_notes) VALUES ('P0007', 'minute', '2017-06-19', 92.33, 'huge', 0, 'able', 37.6, 0, 30.54, 50.03, 78.04, 76.14, 3.87, 64.22, 76.58, 94.28, 38.61, 45.33, 26.85, 46.15, 66.84, 93.65, 92.47, 55.48, 62.1, 83.15, 42.32, 50.16, 57.87, 42.56, 10.77, 63.13, 87.7, 48.63, 14.85, 44.28, 96.36, 80.27, 96.58, 'forward', 24.83, 9.15, 7.39, 30.82, 36.28, 59.15, 20.93, 23.06, 51.82, 84.45, 22.86, 83.17, 63.25, 47.22, 94.49, 'Mr', 'girl', 46.95, 73.34, 80.29, 48.71, 4.59, 27.5, 23.49, 'allow', 'bar', 'think', 'look', 51.4, 41.31, 22.17, 8.47, 12.91, 89.4, 8.54, 65.88, 32, 71, 35, 58, 78, 3, 14.31, 45.45, 49.42, 24.61, 48, 83.24, 'number', 'house', 'anything', 'story', 'change', 55.98, 38.55, 74.82, 27.81, 11.04, 8.03, 'paper', 'history', 'company', 55.59, 74, 88.71, 13.44, 19, 85.4, 94.81, 83.15, 38.97, 22.19, 78.17, 61.56, 55.93, 43.66, 89.01, 66.75, 13.43, 52.89, 3.96, 73.82, 31.44, 52.4, 16.81, 95.72, 16.49, 29.76, 53.47, 'right', 6.56, 'sometimes', 26, 'center', 'marriage', 'deal', 'specific', 'rule');
INSERT INTO cct (mrn, event_id, ct_date, ct_age_at_ct, ct_anatomy_notes, ct_apc, ct_apc_notes, ct_bmi, ct_contour, ct_contrast_total, ct_dim_aao1, ct_dim_aao2, ct_dim_ao_arch_distal_trans1, ct_dim_ao_arch_distal_trans2, ct_dim_ao_arch_prox_trans1, ct_dim_ao_arch_prox_trans2, ct_dim_ao_desc1, ct_dim_ao_desc2, ct_dim_ao_is1, ct_dim_ao_is2, ct_dim_ao_root_antpos1, ct_dim_ao_root_sa1, ct_dim_ao_root_trans1, ct_dim_ao_valve_annulus1, ct_dim_ao_valve_annulus2, ct_dim_commonav_valve_annulus_lat1, ct_dim_lpa1, ct_dim_lpa2, ct_dim_mitral_valve_annulus_antpos1, ct_dim_mitral_valve_annulus_lat1, ct_dim_neoao_root1, ct_dim_neoao_root2, ct_dim_neoao_valve_annulus1, ct_dim_neoao_valve_annulus2, ct_dim_rpa1, ct_dim_rpa2, ct_dim_tri_valve_annulus_antpos1, ct_dim_tri_valve_annulus_lat1, ct_ecv_mean, ct_ecv_sd, ct_exam_reason, ct_flow_asc_ao, ct_flow_avv, ct_flow_avv_mitral, ct_flow_avv_tri, ct_flow_desc_ao, ct_flow_diff_lpa, ct_flow_diff_rpa, ct_flow_fontan, ct_flow_ivc, ct_flow_lpa, ct_flow_lpv, ct_flow_lsvc, ct_flow_native_ao, ct_flow_neo_ao, ct_flow_qpqs, ct_flow_qpqs_method, ct_flow_qpqs_method_notes, ct_flow_rf_ao, ct_flow_rf_mv, ct_flow_rf_pa, ct_flow_rf_tv, ct_flow_rpa, ct_flow_rpv, ct_flow_rsvc, ct_fontan_fen, ct_fontan_type, ct_fontan_type_notes, ct_fxn_notes, ct_lv_edv, ct_lv_ef, ct_lv_esv, ct_lv_mass, ct_lv_mvr, ct_lv_sv, ct_mass_height27, ct_o2_sat, ct_pt_bp_le_dias, ct_pt_bp_le_mean, ct_pt_bp_le_sys, ct_pt_bp_ue_dias, ct_pt_bp_ue_mean, ct_pt_bp_ue_sys, ct_pt_bsa, ct_pt_bsa_rpt, ct_pt_hct, ct_pt_height, ct_pt_hr, ct_pt_weight, ct_regurg_avv, ct_regurg_slv, ct_report, ct_report_artifact_notes, ct_report_notes, ct_rv_edv, ct_rv_ef, ct_rv_esv, ct_rv_mass, ct_rv_mvr, ct_rv_sv, ct_sedation, ct_sequence, ct_sequence_notes, ct_strain_gcs_2v, ct_strain_gcs_phase, ct_strain_gcsr_2v, ct_strain_gls_2v, ct_strain_gls_phase, ct_strain_glsr_2v, ct_strain_grs_2v, ct_strain_grsr_2v, ct_sv_edv, ct_sv_edv_bsa1, ct_sv_edv_bsa13, ct_sv_ef, ct_sv_esv, ct_sv_esv_bsa1, ct_sv_esv_bsa13, ct_sv_mass, ct_sv_mass_bsa1, ct_sv_mass_bsa13, ct_sv_mass_height27, ct_sv_mvr, ct_sv_mvr_bsa1, ct_sv_mvr_bsa13, ct_sv_sv, ct_sv_sv_bsa1, ct_sv_sv_bsa13, ct_t1_mean, ct_t1_sd, ct_technique, ct_tesla, ct_tesla_notes, ct_tube_voltage, ct_vendor, ct_vendor_notes, ct_vent_systemic_circ, ct_vvc, ct_vvc_notes) VALUES ('P0008', 'exactly', '2008-04-17', 28.27, 'prevent', 1, 'she', 21.11, 0, 61.16, 92.31, 80.28, 24.45, 12.32, 8.48, 29.47, 37.97, 81.03, 4.18, 69.93, 84.81, 59.23, 65.13, 89.49, 40.53, 45.69, 16.23, 25.78, 77.45, 45.1, 27.18, 4.51, 1.03, 60.34, 78.07, 1.26, 10.18, 81.91, 7.27, 2.33, 'whose', 91.88, 29.62, 37.62, 3.21, 24.35, 64.0, 81.77, 41.03, 6.61, 22.49, 31.72, 48.41, 98.43, 85.7, 12.84, 'their', 'task', 65.35, 39.21, 97.09, 58.06, 79.41, 40.75, 30.05, 'buy', 'school', 'arrive', 'herself', 38.81, 59.78, 56.05, 75.11, 99.65, 53.94, 77.8, 85.13, 23, 96, 75, 76, 26, 98, 26.3, 52.17, 99.3, 37.88, 77, 15.44, 'deep', 'one', 'top', 'first', 'paper', 28.48, 68.46, 74.99, 49.45, 88.55, 80.83, 'ask', 'quite', 'threat', 65.82, 92, 30.72, 24.11, 83, 53.65, 52.91, 5.34, 15.46, 12.01, 61.96, 55.92, 93.12, 42.12, 4.84, 44.25, 66.66, 44.4, 11.33, 5.7, 86.46, 55.67, 93.52, 3.28, 14.23, 38.67, 13.15, 'campaign', 91.74, 'business', 44, 'hard', 'board', 'several', 'decide', 'bag');
INSERT INTO cct (mrn, event_id, ct_date, ct_age_at_ct, ct_anatomy_notes, ct_apc, ct_apc_notes, ct_bmi, ct_contour, ct_contrast_total, ct_dim_aao1, ct_dim_aao2, ct_dim_ao_arch_distal_trans1, ct_dim_ao_arch_distal_trans2, ct_dim_ao_arch_prox_trans1, ct_dim_ao_arch_prox_trans2, ct_dim_ao_desc1, ct_dim_ao_desc2, ct_dim_ao_is1, ct_dim_ao_is2, ct_dim_ao_root_antpos1, ct_dim_ao_root_sa1, ct_dim_ao_root_trans1, ct_dim_ao_valve_annulus1, ct_dim_ao_valve_annulus2, ct_dim_commonav_valve_annulus_lat1, ct_dim_lpa1, ct_dim_lpa2, ct_dim_mitral_valve_annulus_antpos1, ct_dim_mitral_valve_annulus_lat1, ct_dim_neoao_root1, ct_dim_neoao_root2, ct_dim_neoao_valve_annulus1, ct_dim_neoao_valve_annulus2, ct_dim_rpa1, ct_dim_rpa2, ct_dim_tri_valve_annulus_antpos1, ct_dim_tri_valve_annulus_lat1, ct_ecv_mean, ct_ecv_sd, ct_exam_reason, ct_flow_asc_ao, ct_flow_avv, ct_flow_avv_mitral, ct_flow_avv_tri, ct_flow_desc_ao, ct_flow_diff_lpa, ct_flow_diff_rpa, ct_flow_fontan, ct_flow_ivc, ct_flow_lpa, ct_flow_lpv, ct_flow_lsvc, ct_flow_native_ao, ct_flow_neo_ao, ct_flow_qpqs, ct_flow_qpqs_method, ct_flow_qpqs_method_notes, ct_flow_rf_ao, ct_flow_rf_mv, ct_flow_rf_pa, ct_flow_rf_tv, ct_flow_rpa, ct_flow_rpv, ct_flow_rsvc, ct_fontan_fen, ct_fontan_type, ct_fontan_type_notes, ct_fxn_notes, ct_lv_edv, ct_lv_ef, ct_lv_esv, ct_lv_mass, ct_lv_mvr, ct_lv_sv, ct_mass_height27, ct_o2_sat, ct_pt_bp_le_dias, ct_pt_bp_le_mean, ct_pt_bp_le_sys, ct_pt_bp_ue_dias, ct_pt_bp_ue_mean, ct_pt_bp_ue_sys, ct_pt_bsa, ct_pt_bsa_rpt, ct_pt_hct, ct_pt_height, ct_pt_hr, ct_pt_weight, ct_regurg_avv, ct_regurg_slv, ct_report, ct_report_artifact_notes, ct_report_notes, ct_rv_edv, ct_rv_ef, ct_rv_esv, ct_rv_mass, ct_rv_mvr, ct_rv_sv, ct_sedation, ct_sequence, ct_sequence_notes, ct_strain_gcs_2v, ct_strain_gcs_phase, ct_strain_gcsr_2v, ct_strain_gls_2v, ct_strain_gls_phase, ct_strain_glsr_2v, ct_strain_grs_2v, ct_strain_grsr_2v, ct_sv_edv, ct_sv_edv_bsa1, ct_sv_edv_bsa13, ct_sv_ef, ct_sv_esv, ct_sv_esv_bsa1, ct_sv_esv_bsa13, ct_sv_mass, ct_sv_mass_bsa1, ct_sv_mass_bsa13, ct_sv_mass_height27, ct_sv_mvr, ct_sv_mvr_bsa1, ct_sv_mvr_bsa13, ct_sv_sv, ct_sv_sv_bsa1, ct_sv_sv_bsa13, ct_t1_mean, ct_t1_sd, ct_technique, ct_tesla, ct_tesla_notes, ct_tube_voltage, ct_vendor, ct_vendor_notes, ct_vent_systemic_circ, ct_vvc, ct_vvc_notes) VALUES ('P0009', 'collection', '2021-05-31', 57.09, 'something', 1, 'around', 21.14, 1, 10.22, 41.75, 92.93, 57.74, 7.13, 5.19, 16.76, 93.18, 82.6, 95.55, 38.35, 21.84, 18.28, 9.84, 47.08, 60.25, 17.76, 47.37, 61.41, 15.48, 87.65, 99.29, 58.69, 76.38, 6.16, 30.71, 79.26, 39.57, 42.79, 94.34, 74.67, 'if', 38.1, 10.77, 33.35, 76.9, 8.13, 19.07, 22.68, 67.32, 33.2, 12.63, 39.78, 41.98, 12.66, 93.58, 33.06, 'year', 'beat', 76.11, 82.99, 53.03, 38.43, 21.88, 81.27, 21.19, 'put', 'same', 'we', 'friend', 86.23, 88.53, 48.03, 70.65, 52.98, 60.52, 23.54, 42.41, 46, 77, 68, 67, 14, 63, 55.61, 71.04, 14.14, 83.35, 26, 60.93, 'part', 'option', 'staff', 'article', 'sometimes', 47.66, 10.55, 94.28, 4.7, 31.41, 25.41, 'public', 'pass', 'on', 28.63, 44, 25.44, 18.8, 11, 14.05, 31.68, 32.44, 56.21, 21.71, 43.42, 96.42, 80.96, 64.48, 16.53, 15.41, 74.6, 49.67, 40.17, 46.26, 41.52, 6.26, 96.07, 82.26, 64.01, 8.86, 34.65, 'according', 27.09, 'culture', 14, 'effort', 'degree', 'far', 'probably', 'throughout');
INSERT INTO cct (mrn, event_id, ct_date, ct_age_at_ct, ct_anatomy_notes, ct_apc, ct_apc_notes, ct_bmi, ct_contour, ct_contrast_total, ct_dim_aao1, ct_dim_aao2, ct_dim_ao_arch_distal_trans1, ct_dim_ao_arch_distal_trans2, ct_dim_ao_arch_prox_trans1, ct_dim_ao_arch_prox_trans2, ct_dim_ao_desc1, ct_dim_ao_desc2, ct_dim_ao_is1, ct_dim_ao_is2, ct_dim_ao_root_antpos1, ct_dim_ao_root_sa1, ct_dim_ao_root_trans1, ct_dim_ao_valve_annulus1, ct_dim_ao_valve_annulus2, ct_dim_commonav_valve_annulus_lat1, ct_dim_lpa1, ct_dim_lpa2, ct_dim_mitral_valve_annulus_antpos1, ct_dim_mitral_valve_annulus_lat1, ct_dim_neoao_root1, ct_dim_neoao_root2, ct_dim_neoao_valve_annulus1, ct_dim_neoao_valve_annulus2, ct_dim_rpa1, ct_dim_rpa2, ct_dim_tri_valve_annulus_antpos1, ct_dim_tri_valve_annulus_lat1, ct_ecv_mean, ct_ecv_sd, ct_exam_reason, ct_flow_asc_ao, ct_flow_avv, ct_flow_avv_mitral, ct_flow_avv_tri, ct_flow_desc_ao, ct_flow_diff_lpa, ct_flow_diff_rpa, ct_flow_fontan, ct_flow_ivc, ct_flow_lpa, ct_flow_lpv, ct_flow_lsvc, ct_flow_native_ao, ct_flow_neo_ao, ct_flow_qpqs, ct_flow_qpqs_method, ct_flow_qpqs_method_notes, ct_flow_rf_ao, ct_flow_rf_mv, ct_flow_rf_pa, ct_flow_rf_tv, ct_flow_rpa, ct_flow_rpv, ct_flow_rsvc, ct_fontan_fen, ct_fontan_type, ct_fontan_type_notes, ct_fxn_notes, ct_lv_edv, ct_lv_ef, ct_lv_esv, ct_lv_mass, ct_lv_mvr, ct_lv_sv, ct_mass_height27, ct_o2_sat, ct_pt_bp_le_dias, ct_pt_bp_le_mean, ct_pt_bp_le_sys, ct_pt_bp_ue_dias, ct_pt_bp_ue_mean, ct_pt_bp_ue_sys, ct_pt_bsa, ct_pt_bsa_rpt, ct_pt_hct, ct_pt_height, ct_pt_hr, ct_pt_weight, ct_regurg_avv, ct_regurg_slv, ct_report, ct_report_artifact_notes, ct_report_notes, ct_rv_edv, ct_rv_ef, ct_rv_esv, ct_rv_mass, ct_rv_mvr, ct_rv_sv, ct_sedation, ct_sequence, ct_sequence_notes, ct_strain_gcs_2v, ct_strain_gcs_phase, ct_strain_gcsr_2v, ct_strain_gls_2v, ct_strain_gls_phase, ct_strain_glsr_2v, ct_strain_grs_2v, ct_strain_grsr_2v, ct_sv_edv, ct_sv_edv_bsa1, ct_sv_edv_bsa13, ct_sv_ef, ct_sv_esv, ct_sv_esv_bsa1, ct_sv_esv_bsa13, ct_sv_mass, ct_sv_mass_bsa1, ct_sv_mass_bsa13, ct_sv_mass_height27, ct_sv_mvr, ct_sv_mvr_bsa1, ct_sv_mvr_bsa13, ct_sv_sv, ct_sv_sv_bsa1, ct_sv_sv_bsa13, ct_t1_mean, ct_t1_sd, ct_technique, ct_tesla, ct_tesla_notes, ct_tube_voltage, ct_vendor, ct_vendor_notes, ct_vent_systemic_circ, ct_vvc, ct_vvc_notes) VALUES ('P0010', 'attorney', '1970-05-28', 11.26, 'system', 1, 'least', 31.88, 0, 46.7, 80.56, 41.0, 25.04, 68.93, 68.55, 77.43, 40.63, 67.2, 38.54, 95.82, 4.4, 99.71, 76.8, 79.93, 11.54, 46.05, 77.52, 4.81, 62.77, 42.33, 71.87, 45.59, 15.17, 80.89, 82.19, 11.56, 8.33, 59.68, 92.45, 59.06, 'behind', 10.63, 35.12, 48.28, 8.51, 54.63, 27.15, 1.16, 96.22, 23.66, 16.12, 64.27, 17.84, 90.96, 33.31, 10.66, 'best', 'in', 87.38, 94.15, 40.41, 9.13, 13.69, 78.61, 75.55, 'ten', 'increase', 'serve', 'marriage', 12.85, 71.46, 11.58, 45.21, 26.94, 43.84, 81.96, 50.94, 51, 62, 19, 11, 6, 47, 34.01, 9.82, 58.43, 72.55, 93, 4.08, 'shake', 'civil', 'development', 'bad', 'others', 47.26, 43.3, 36.89, 47.06, 74.12, 59.07, 'office', 'husband', 'candidate', 82.06, 90, 28.72, 83.91, 42, 82.61, 4.83, 76.65, 62.98, 2.5, 54.56, 79.16, 36.2, 19.92, 83.26, 76.15, 87.22, 27.88, 48.19, 42.75, 2.06, 95.16, 39.52, 17.29, 43.8, 74.71, 4.88, 'reality', 48.65, 'government', 12, 'week', 'million', 'understand', 'near', 'Mr');